stim_id	split	source_title	source_id	source_url	rights	duration_s	fps	width	height	n_frames	audio	sha256	verification	confidence
1	train	BOLD Moments Dataset video 0001	BMD stimulus set, video 0001	https://boldmomentsdataset.csail.mit.edu/stimuli_metadata	third-party; not included	3	30	268	268	90	no	17a98c85c37f89349e9e37532555022a1451be56e8da33569eaf3182e813483d	ffprobe + SHA-256 of BMD stimulus_set file 0001.mp4	verified
2	train	BOLD Moments Dataset video 0002	BMD stimulus set, video 0002	https://boldmomentsdataset.csail.mit.edu/stimuli_metadata	third-party; not included	3.03	30	268	268	91	no	9906f6322add2af7ccf0811c7f070a45a4be9c6b28b33e66f62051d8c564f0f4	ffprobe + SHA-256 of BMD stimulus_set file 0002.mp4	verified
3	train	BOLD Moments Dataset video 0003	BMD stimulus set, video 0003	https://boldmomentsdataset.csail.mit.edu/stimuli_metadata	third-party; not included	3	30	268	268	90	no	8284f2531ec0f1b91605c8f678cb2adf71d63526fc915de61e3e59a490b9dc36	ffprobe + SHA-256 of BMD stimulus_set file 0003.mp4	verified
4	train	BOLD Moments Dataset video 0004	BMD stimulus set, video 0004	https://boldmomentsdataset.csail.mit.edu/stimuli_metadata	third-party; not included	3	30	268	268	90	no	48fed47215b7fdda924723ddea353ef891dccd01a8ab25e565162eb2aa3bf456	ffprobe + SHA-256 of BMD stimulus_set file 0004.mp4	verified
5	train	BOLD Moments Dataset video 0005	BMD stimulus set, video 0005	https://boldmomentsdataset.csail.mit.edu/stimuli_metadata	third-party; not included	3	30	268	268	90	no	bd4ced45bfdd2951b2ab06e4bfeec70e1a04fcde782248acd60b636b274992a4	ffprobe + SHA-256 of BMD stimulus_set file 0005.mp4	verified
6	train	BOLD Moments Dataset video 0006	BMD stimulus set, video 0006	https://boldmomentsdataset.csail.mit.edu/stimuli_metadata	third-party; not included	3	30	268	268	90	no	6205d61768cdadd6d4084da709749c3b15ecfe26245c51b27b74f897e1871187	ffprobe + SHA-256 of BMD stimulus_set file 0006.mp4	verified
7	train	BOLD Moments Dataset video 0007	BMD stimulus set, video 0007	https://boldmomentsdataset.csail.mit.edu/stimuli_metadata	third-party; not included	3	30	268	268	90	no	232c696b3326ada65f5fc91105d12b4ef03b8d5390df35f37dddbeeba9a5330f	ffprobe + SHA-256 of BMD stimulus_set file 0007.mp4	verified
8	train	BOLD Moments Dataset video 0008	BMD stimulus set, video 0008	https://boldmomentsdataset.csail.mit.edu/stimuli_metadata	third-party; not included	3	24	268	268	72	no	2622e0cdf58d811d119936e495a45a72797cd0d9e0c7a5e16014b4d29bd0f701	ffprobe + SHA-256 of BMD stimulus_set file 0008.mp4	verified
9	train	BOLD Moments Dataset video 0009	BMD stimulus set, video 0009	https://boldmomentsdataset.csail.mit.edu/stimuli_metadata	third-party; not included	3	30	268	268	90	no	c8b4228907898586ccb591ba88313171f807a38e185a0484700adef3d03ddad1	ffprobe + SHA-256 of BMD stimulus_set file 0009.mp4	verified
10	train	BOLD Moments Dataset video 0010	BMD stimulus set, video 0010	https://boldmomentsdataset.csail.mit.edu/stimuli_metadata	third-party; not included	3	30	268	268	90	no	3f3948a4319f58455998617affcc37a633463ca61f54d082a418e7d1335dc28e	ffprobe + SHA-256 of BMD stimulus_set file 0010.mp4	verified
11	train	BOLD Moments Dataset video 0011	BMD stimulus set, video 0011	https://boldmomentsdataset.csail.mit.edu/stimuli_metadata	third-party; not included	3	30	268	268	90	no	3aa6fab5f36e88089674768f1d0a6caf694332d50ac8bfae1137a6c4b08da9d1	ffprobe + SHA-256 of BMD stimulus_set file 0011.mp4	verified
12	train	BOLD Moments Dataset video 0012	BMD stimulus set, video 0012	https://boldmomentsdataset.csail.mit.edu/stimuli_metadata	third-party; not included	3	30	268	268	90	no	54cc9f14537af240e21605103a934f869f12e627039a90502132ecd606de50e9	ffprobe + SHA-256 of BMD stimulus_set file 0012.mp4	verified
13	train	BOLD Moments Dataset video 0013	BMD stimulus set, video 0013	https://boldmomentsdataset.csail.mit.edu/stimuli_metadata	third-party; not included	3	24	268	268	72	no	218b53f3bcba4da1392dd2f519f8208d3bd79d26e9ea81a9046cdd7a22c15a21	ffprobe + SHA-256 of BMD stimulus_set file 0013.mp4	verified
14	train	BOLD Moments Dataset video 0014	BMD stimulus set, video 0014	https://boldmomentsdataset.csail.mit.edu/stimuli_metadata	third-party; not included	3.03	30	268	268	91	no	165261092243a5e7faace33ce9ebd0a5630d14ad533e3d86b473b60562f64ce0	ffprobe + SHA-256 of BMD stimulus_set file 0014.mp4	verified
15	train	BOLD Moments Dataset video 0015	BMD stimulus set, video 0015	https://boldmomentsdataset.csail.mit.edu/stimuli_metadata	third-party; not included	3	30	268	268	90	no	19dd8c0d9db01b93dc34189a249a8cdf475d57037a093db74acc3be8a791a7c7	ffprobe + SHA-256 of BMD stimulus_set file 0015.mp4	verified
16	train	BOLD Moments Dataset video 0016	BMD stimulus set, video 0016	https://boldmomentsdataset.csail.mit.edu/stimuli_metadata	third-party; not included	3.03	30	268	268	91	no	c8aaaea89671b44c651e11d2b7d9110f040d47a3e263ff9584ad0bc38cbb4a1e	ffprobe + SHA-256 of BMD stimulus_set file 0016.mp4	verified
17	train	BOLD Moments Dataset video 0017	BMD stimulus set, video 0017	https://boldmomentsdataset.csail.mit.edu/stimuli_metadata	third-party; not included	3	30	268	268	90	no	7e7d33c539baf0587e514ae42320398b56454f5d24f8ea75af5438fc37a34826	ffprobe + SHA-256 of BMD stimulus_set file 0017.mp4	verified
18	train	BOLD Moments Dataset video 0018	BMD stimulus set, video 0018	https://boldmomentsdataset.csail.mit.edu/stimuli_metadata	third-party; not included	3.03	30	268	268	91	no	404fd0403121276e2571375cb2ff1abe140816eebce0c0dfbcaf209eb1233cb7	ffprobe + SHA-256 of BMD stimulus_set file 0018.mp4	verified
19	train	BOLD Moments Dataset video 0019	BMD stimulus set, video 0019	https://boldmomentsdataset.csail.mit.edu/stimuli_metadata	third-party; not included	3	30	268	268	90	no	dafd79c5707434d28c34e0c98789ecd0ee410fb636e967c36f3dc434dadb65ab	ffprobe + SHA-256 of BMD stimulus_set file 0019.mp4	verified
20	train	BOLD Moments Dataset video 0020	BMD stimulus set, video 0020	https://boldmomentsdataset.csail.mit.edu/stimuli_metadata	third-party; not included	3	30	268	268	90	no	d6b05016d7b2a108fe270e4b71f8af9d70c7a4df02a0bad3211d8f7008d99324	ffprobe + SHA-256 of BMD stimulus_set file 0020.mp4	verified
21	train	BOLD Moments Dataset video 0021	BMD stimulus set, video 0021	https://boldmomentsdataset.csail.mit.edu/stimuli_metadata	third-party; not included	3	30	268	268	90	no	8d6bb30864def62c30aed705e37744498ca32e221703acc5a119fda8ad8a6b67	ffprobe + SHA-256 of BMD stimulus_set file 0021.mp4	verified
22	train	BOLD Moments Dataset video 0022	BMD stimulus set, video 0022	https://boldmomentsdataset.csail.mit.edu/stimuli_metadata	third-party; not included	3	30	268	268	90	no	7ae479201665e15f12686deb082896e82f560c34c292290b127ec90e2daed54d	ffprobe + SHA-256 of BMD stimulus_set file 0022.mp4	verified
23	train	BOLD Moments Dataset video 0023	BMD stimulus set, video 0023	https://boldmomentsdataset.csail.mit.edu/stimuli_metadata	third-party; not included	3	24	268	268	72	no	c3d1b9b70f04204b6015ba91c23ea6e041f4c5c1c6ac71800d5fc1137aa05a46	ffprobe + SHA-256 of BMD stimulus_set file 0023.mp4	verified
24	train	BOLD Moments Dataset video 0024	BMD stimulus set, video 0024	https://boldmomentsdataset.csail.mit.edu/stimuli_metadata	third-party; not included	3	30	268	268	90	no	cc9ff9cd444e55e4117435f1920a94a7ae140f89ef58d29f07c8b0955610c0fd	ffprobe + SHA-256 of BMD stimulus_set file 0024.mp4	verified
25	train	BOLD Moments Dataset video 0025	BMD stimulus set, video 0025	https://boldmomentsdataset.csail.mit.edu/stimuli_metadata	third-party; not included	3	25	268	268	75	no	6bfb749286f1de7a219ba71ea4e210a152712ad7d3e2a994862e1833f9dc90c4	ffprobe + SHA-256 of BMD stimulus_set file 0025.mp4	verified
26	train	BOLD Moments Dataset video 0026	BMD stimulus set, video 0026	https://boldmomentsdataset.csail.mit.edu/stimuli_metadata	third-party; not included	3.03	30	268	268	91	no	bbd44557682064319b3087583bd5eb0bdc055d069760908bc54c1dbc3f7b1a56	ffprobe + SHA-256 of BMD stimulus_set file 0026.mp4	verified
27	train	BOLD Moments Dataset video 0027	BMD stimulus set, video 0027	https://boldmomentsdataset.csail.mit.edu/stimuli_metadata	third-party; not included	3	25	268	268	75	no	a9ce21d07b849fb4403dd5d9a63a2469ea6dbeb836d265d4e31a218bf8b1c2ec	ffprobe + SHA-256 of BMD stimulus_set file 0027.mp4	verified
28	train	BOLD Moments Dataset video 0028	BMD stimulus set, video 0028	https://boldmomentsdataset.csail.mit.edu/stimuli_metadata	third-party; not included	3	15	268	268	45	no	a71178ecc50736d57e0ec88b72790161e6975d81e9a658a07d5832712fc2a0f2	ffprobe + SHA-256 of BMD stimulus_set file 0028.mp4	verified
29	train	BOLD Moments Dataset video 0029	BMD stimulus set, video 0029	https://boldmomentsdataset.csail.mit.edu/stimuli_metadata	third-party; not included	3	30	268	268	90	no	7afa07f8fb7391d2edcd8ba2e678816b6706eb78960bffae2e6fba6a4ececfa7	ffprobe + SHA-256 of BMD stimulus_set file 0029.mp4	verified
30	train	BOLD Moments Dataset video 0030	BMD stimulus set, video 0030	https://boldmomentsdataset.csail.mit.edu/stimuli_metadata	third-party; not included	3	30	268	268	90	no	410f8b8194deca8073aaa23ec52d0f6023adfa105ac13cca283db2e8b1809c3d	ffprobe + SHA-256 of BMD stimulus_set file 0030.mp4	verified
31	train	BOLD Moments Dataset video 0031	BMD stimulus set, video 0031	https://boldmomentsdataset.csail.mit.edu/stimuli_metadata	third-party; not included	3	30	268	268	90	no	a3cd1e1513d52e70a6a1fb70b25bf732c1dd539a144625a15d11869907ef0f01	ffprobe + SHA-256 of BMD stimulus_set file 0031.mp4	verified
32	train	BOLD Moments Dataset video 0032	BMD stimulus set, video 0032	https://boldmomentsdataset.csail.mit.edu/stimuli_metadata	third-party; not included	3.03	30	268	268	91	no	a2483e03524eccc0fd5fad87ffceeeb6d98ff28ebdbfe386a29b0fef963986d1	ffprobe + SHA-256 of BMD stimulus_set file 0032.mp4	verified
33	train	BOLD Moments Dataset video 0033	BMD stimulus set, video 0033	https://boldmomentsdataset.csail.mit.edu/stimuli_metadata	third-party; not included	3	30	268	268	90	no	fcfe4481edb2459613ddba926df11f6a97710c7b179f6de937418363c07173a0	ffprobe + SHA-256 of BMD stimulus_set file 0033.mp4	verified
34	train	BOLD Moments Dataset video 0034	BMD stimulus set, video 0034	https://boldmomentsdataset.csail.mit.edu/stimuli_metadata	third-party; not included	3.03	30	268	268	91	no	67cfb257c0c3b6c6aaa43b4b50906aa0e16a91fce38ffbcc291c3d280ae3bf3f	ffprobe + SHA-256 of BMD stimulus_set file 0034.mp4	verified
35	train	BOLD Moments Dataset video 0035	BMD stimulus set, video 0035	https://boldmomentsdataset.csail.mit.edu/stimuli_metadata	third-party; not included	3.03	30	268	268	91	no	3ce473d1993764f8c7033df3045cfb146616e09bf35a9f487652a9ef48730cf9	ffprobe + SHA-256 of BMD stimulus_set file 0035.mp4	verified
36	train	BOLD Moments Dataset video 0036	BMD stimulus set, video 0036	https://boldmomentsdataset.csail.mit.edu/stimuli_metadata	third-party; not included	3	24	268	268	72	no	201974b6952e678565d012bb02357a0095d37cd3b4d3a58879939c716129a33a	ffprobe + SHA-256 of BMD stimulus_set file 0036.mp4	verified
37	train	BOLD Moments Dataset video 0037	BMD stimulus set, video 0037	https://boldmomentsdataset.csail.mit.edu/stimuli_metadata	third-party; not included	3	30	268	268	90	no	2b26bc7560df405e04db7f93dc63b1ace10048ce536ed06c587ab2823425c5cf	ffprobe + SHA-256 of BMD stimulus_set file 0037.mp4	verified
38	train	BOLD Moments Dataset video 0038	BMD stimulus set, video 0038	https://boldmomentsdataset.csail.mit.edu/stimuli_metadata	third-party; not included	3	30	268	268	90	no	ad21b5b430642f5dc5b4ba4b1f7dcb1c15049bcb3bda62b5eae40490a6499f43	ffprobe + SHA-256 of BMD stimulus_set file 0038.mp4	verified
39	train	BOLD Moments Dataset video 0039	BMD stimulus set, video 0039	https://boldmomentsdataset.csail.mit.edu/stimuli_metadata	third-party; not included	3.03	30	268	268	91	no	c1d74e66babf64b70b5a263f0eb1d8330c88cd7f7f7ef509927afd8d86de0f56	ffprobe + SHA-256 of BMD stimulus_set file 0039.mp4	verified
40	train	BOLD Moments Dataset video 0040	BMD stimulus set, video 0040	https://boldmomentsdataset.csail.mit.edu/stimuli_metadata	third-party; not included	3	30	268	268	90	no	b1f688b76423248627cfd718cbe61efd46d5b5ac932029b304608ca8e350c6a7	ffprobe + SHA-256 of BMD stimulus_set file 0040.mp4	verified
41	train	BOLD Moments Dataset video 0041	BMD stimulus set, video 0041	https://boldmomentsdataset.csail.mit.edu/stimuli_metadata	third-party; not included	3	30	268	268	90	no	3d3ce43b2359e27480c4074b8395eeb4b7b9e8df4f39f4d4c71b554653fa9998	ffprobe + SHA-256 of BMD stimulus_set file 0041.mp4	verified
42	train	BOLD Moments Dataset video 0042	BMD stimulus set, video 0042	https://boldmomentsdataset.csail.mit.edu/stimuli_metadata	third-party; not included	3	30	268	268	90	no	bbd6cdfa7e608e040d5d83e78e96d06d0774ae9c6b410d340cabfa0ca1eb0f4c	ffprobe + SHA-256 of BMD stimulus_set file 0042.mp4	verified
43	train	BOLD Moments Dataset video 0043	BMD stimulus set, video 0043	https://boldmomentsdataset.csail.mit.edu/stimuli_metadata	third-party; not included	3.03	30	268	268	91	no	0a4e8213ba74a652e245f1f045a93e4b2a1b590fd28a164b78916fd4a757e337	ffprobe + SHA-256 of BMD stimulus_set file 0043.mp4	verified
44	train	BOLD Moments Dataset video 0044	BMD stimulus set, video 0044	https://boldmomentsdataset.csail.mit.edu/stimuli_metadata	third-party; not included	3	30	268	268	90	no	52e7530d10c1b8afcce4ef97395fab396e125c3ae2dd8eeb00febdce4811f2ef	ffprobe + SHA-256 of BMD stimulus_set file 0044.mp4	verified
45	train	BOLD Moments Dataset video 0045	BMD stimulus set, video 0045	https://boldmomentsdataset.csail.mit.edu/stimuli_metadata	third-party; not included	3	30	268	268	90	no	bf6aec70afea0f6a99883c49489db09135c15c4f295e2cdc9d77ab2fac811b73	ffprobe + SHA-256 of BMD stimulus_set file 0045.mp4	verified
46	train	BOLD Moments Dataset video 0046	BMD stimulus set, video 0046	https://boldmomentsdataset.csail.mit.edu/stimuli_metadata	third-party; not included	3	30	268	268	90	no	0692d7b2d5a6c69983ee538da9139de9ab15db536baecb624aacc1a7d54cc864	ffprobe + SHA-256 of BMD stimulus_set file 0046.mp4	verified
47	train	BOLD Moments Dataset video 0047	BMD stimulus set, video 0047	https://boldmomentsdataset.csail.mit.edu/stimuli_metadata	third-party; not included	3	24	268	268	72	no	286c08cb07642d6b84cf59ad92169265daff97b34fcf700fda8780215c2e1831	ffprobe + SHA-256 of BMD stimulus_set file 0047.mp4	verified
48	train	BOLD Moments Dataset video 0048	BMD stimulus set, video 0048	https://boldmomentsdataset.csail.mit.edu/stimuli_metadata	third-party; not included	3	30	268	268	90	no	a7fdc1f2572d4c1d39b656a40819ad7ad743a01a52658c1e23f689138871b7b1	ffprobe + SHA-256 of BMD stimulus_set file 0048.mp4	verified
49	train	BOLD Moments Dataset video 0049	BMD stimulus set, video 0049	https://boldmomentsdataset.csail.mit.edu/stimuli_metadata	third-party; not included	3	30	268	268	90	no	486b7aacba7a996aa3e6c6428ae061097a7a9358523c363e69f87c798d7c3cc7	ffprobe + SHA-256 of BMD stimulus_set file 0049.mp4	verified
50	train	BOLD Moments Dataset video 0050	BMD stimulus set, video 0050	https://boldmomentsdataset.csail.mit.edu/stimuli_metadata	third-party; not included	3	30	268	268	90	no	6398b7c3aad150649e5b1a39c0215075ebff693e922f74ece6e1bdf91538ce5b	ffprobe + SHA-256 of BMD stimulus_set file 0050.mp4	verified
51	train	BOLD Moments Dataset video 0051	BMD stimulus set, video 0051	https://boldmomentsdataset.csail.mit.edu/stimuli_metadata	third-party; not included	3	30	268	268	90	no	8be0974c846d453498d53eaa6f9c8fad3e77e4f4f46db1c07836cbdc4573f2f5	ffprobe + SHA-256 of BMD stimulus_set file 0051.mp4	verified
52	train	BOLD Moments Dataset video 0052	BMD stimulus set, video 0052	https://boldmomentsdataset.csail.mit.edu/stimuli_metadata	third-party; not included	3	30	268	268	90	no	37946c9275ce9fb937c5a662e7398f91e0de397f44abd79c24747b916f330d64	ffprobe + SHA-256 of BMD stimulus_set file 0052.mp4	verified
53	train	BOLD Moments Dataset video 0053	BMD stimulus set, video 0053	https://boldmomentsdataset.csail.mit.edu/stimuli_metadata	third-party; not included	3	30	268	268	90	no	7d8db3dbe1b05dc69f2c101e5d5e5212e1172949bc90e496405489427fe56950	ffprobe + SHA-256 of BMD stimulus_set file 0053.mp4	verified
54	train	BOLD Moments Dataset video 0054	BMD stimulus set, video 0054	https://boldmomentsdataset.csail.mit.edu/stimuli_metadata	third-party; not included	3.03	30	268	268	91	no	3ebf3328427cb27c11e4921719a8fcecceaa1544dd37e3f80d305a01550165ec	ffprobe + SHA-256 of BMD stimulus_set file 0054.mp4	verified
55	train	BOLD Moments Dataset video 0055	BMD stimulus set, video 0055	https://boldmomentsdataset.csail.mit.edu/stimuli_metadata	third-party; not included	3	30	268	268	90	no	be2725837ee1abdb6c30ef7e72c03fb107f9233651e8331ee29cf1aa6ec1a21f	ffprobe + SHA-256 of BMD stimulus_set file 0055.mp4	verified
56	train	BOLD Moments Dataset video 0056	BMD stimulus set, video 0056	https://boldmomentsdataset.csail.mit.edu/stimuli_metadata	third-party; not included	3	30	268	268	90	no	9623e3229e70ebff940db3a43402dff41cfe2699c67f0b1db20dcab2a592b522	ffprobe + SHA-256 of BMD stimulus_set file 0056.mp4	verified
57	train	BOLD Moments Dataset video 0057	BMD stimulus set, video 0057	https://boldmomentsdataset.csail.mit.edu/stimuli_metadata	third-party; not included	3	30	268	268	90	no	8314dd6d12b88a94a692967ed93ea5855ffff1c2d27bc5c884ca8e5383e3b148	ffprobe + SHA-256 of BMD stimulus_set file 0057.mp4	verified
58	train	BOLD Moments Dataset video 0058	BMD stimulus set, video 0058	https://boldmomentsdataset.csail.mit.edu/stimuli_metadata	third-party; not included	3	25	268	268	75	no	294a21427f74b817db4413ea4527f12c62f973e22dbc021511f38cab541df6a4	ffprobe + SHA-256 of BMD stimulus_set file 0058.mp4	verified
59	train	BOLD Moments Dataset video 0059	BMD stimulus set, video 0059	https://boldmomentsdataset.csail.mit.edu/stimuli_metadata	third-party; not included	3	24	268	268	72	no	00eae371f8ad62f102180117d3f1fe91912ab532492f72ea5e482a2184f1f8e1	ffprobe + SHA-256 of BMD stimulus_set file 0059.mp4	verified
60	train	BOLD Moments Dataset video 0060	BMD stimulus set, video 0060	https://boldmomentsdataset.csail.mit.edu/stimuli_metadata	third-party; not included	3	30	268	268	90	no	6b65a8d1115a2824a72c2fe782e23485bb954ef1989783477ed880dff5e48b94	ffprobe + SHA-256 of BMD stimulus_set file 0060.mp4	verified
61	train	BOLD Moments Dataset video 0061	BMD stimulus set, video 0061	https://boldmomentsdataset.csail.mit.edu/stimuli_metadata	third-party; not included	3	20	268	268	60	no	505e159c03e12ac2923ae9625e047f90fd80e6859c4c8c522198d6673fd3da70	ffprobe + SHA-256 of BMD stimulus_set file 0061.mp4	verified
62	train	BOLD Moments Dataset video 0062	BMD stimulus set, video 0062	https://boldmomentsdataset.csail.mit.edu/stimuli_metadata	third-party; not included	3	30	268	268	90	no	37f47b64e4fc7411cfbff15b5c5dfc803a5af464fda575d8d92c23163031acf3	ffprobe + SHA-256 of BMD stimulus_set file 0062.mp4	verified
63	train	BOLD Moments Dataset video 0063	BMD stimulus set, video 0063	https://boldmomentsdataset.csail.mit.edu/stimuli_metadata	third-party; not included	3.03	30	268	268	91	no	184a46f8f8da11666adfb78dc2ebf9cca5f7c8d46e93d6d4c5cf9f5ed366d5fe	ffprobe + SHA-256 of BMD stimulus_set file 0063.mp4	verified
64	train	BOLD Moments Dataset video 0064	BMD stimulus set, video 0064	https://boldmomentsdataset.csail.mit.edu/stimuli_metadata	third-party; not included	3	30	268	268	90	no	ad0513575a5f8961fa8ae43e59f011c3afa690c6e1f5334d01fd50e2e56a8288	ffprobe + SHA-256 of BMD stimulus_set file 0064.mp4	verified
65	train	BOLD Moments Dataset video 0065	BMD stimulus set, video 0065	https://boldmomentsdataset.csail.mit.edu/stimuli_metadata	third-party; not included	3	30	268	268	90	no	21ccf9d4ffec87a1954d8e1c36576b909be9c8a55882c0ecebb5780513479d76	ffprobe + SHA-256 of BMD stimulus_set file 0065.mp4	verified
66	train	BOLD Moments Dataset video 0066	BMD stimulus set, video 0066	https://boldmomentsdataset.csail.mit.edu/stimuli_metadata	third-party; not included	3.03	30	268	268	91	no	37f120fecb3bf3de3e29525603569e1d5e9549495f4ce546963ac8ca18303423	ffprobe + SHA-256 of BMD stimulus_set file 0066.mp4	verified
67	train	BOLD Moments Dataset video 0067	BMD stimulus set, video 0067	https://boldmomentsdataset.csail.mit.edu/stimuli_metadata	third-party; not included	3	30	268	268	90	no	0938daff1ff8b82635c82104c19e86e3d683b0b993e9bedd20f745b599b13d8b	ffprobe + SHA-256 of BMD stimulus_set file 0067.mp4	verified
68	train	BOLD Moments Dataset video 0068	BMD stimulus set, video 0068	https://boldmomentsdataset.csail.mit.edu/stimuli_metadata	third-party; not included	3	30	268	268	90	no	9ca84c5842a0542aa01ba44892e689b4ae6bfa00f37e3cb549de6a1105a81f83	ffprobe + SHA-256 of BMD stimulus_set file 0068.mp4	verified
69	train	BOLD Moments Dataset video 0069	BMD stimulus set, video 0069	https://boldmomentsdataset.csail.mit.edu/stimuli_metadata	third-party; not included	3	24	268	268	72	no	468dedb4f1ebc94a2cd245958f3228760603889447dcadaf03470f8b75c53e2a	ffprobe + SHA-256 of BMD stimulus_set file 0069.mp4	verified
70	train	BOLD Moments Dataset video 0070	BMD stimulus set, video 0070	https://boldmomentsdataset.csail.mit.edu/stimuli_metadata	third-party; not included	3	30	268	268	90	no	6b43d3ac5174d99ec45c10604d517f127c747abcf445085f18eb8b30189e617d	ffprobe + SHA-256 of BMD stimulus_set file 0070.mp4	verified
71	train	BOLD Moments Dataset video 0071	BMD stimulus set, video 0071	https://boldmomentsdataset.csail.mit.edu/stimuli_metadata	third-party; not included	3	30	268	268	90	no	39e6e70954d425029aded8b74dc732f7edf95507d9d71612bc17817d02183b5f	ffprobe + SHA-256 of BMD stimulus_set file 0071.mp4	verified
72	train	BOLD Moments Dataset video 0072	BMD stimulus set, video 0072	https://boldmomentsdataset.csail.mit.edu/stimuli_metadata	third-party; not included	3	30	268	268	90	no	2bdd2d206f259f359a5a556fb37ae0018e2edcf52f98cd9f65a948e061f97e78	ffprobe + SHA-256 of BMD stimulus_set file 0072.mp4	verified
73	train	BOLD Moments Dataset video 0073	BMD stimulus set, video 0073	https://boldmomentsdataset.csail.mit.edu/stimuli_metadata	third-party; not included	3	30	268	268	90	no	b3e7520c9433df5ed1d829e62b25f110a7a173c250ca8e545a93ab1ad7d2e8ce	ffprobe + SHA-256 of BMD stimulus_set file 0073.mp4	verified
74	train	BOLD Moments Dataset video 0074	BMD stimulus set, video 0074	https://boldmomentsdataset.csail.mit.edu/stimuli_metadata	third-party; not included	3	30	268	268	90	no	19a1d050f1350b68368db90b9717099b325af1b5480c472b7fd2e739facf1cea	ffprobe + SHA-256 of BMD stimulus_set file 0074.mp4	verified
75	train	BOLD Moments Dataset video 0075	BMD stimulus set, video 0075	https://boldmomentsdataset.csail.mit.edu/stimuli_metadata	third-party; not included	3	24	268	268	72	no	fa9fc438e60d2ac12322232ae8ec7a5dfae54eb88cf95fe0bda81292f9e53c9d	ffprobe + SHA-256 of BMD stimulus_set file 0075.mp4	verified
76	train	BOLD Moments Dataset video 0076	BMD stimulus set, video 0076	https://boldmomentsdataset.csail.mit.edu/stimuli_metadata	third-party; not included	3	30	268	268	90	no	d277c9b4b8340b26ff80d3a758c6d3bdcec59aa74127f74105d7ec4118082b43	ffprobe + SHA-256 of BMD stimulus_set file 0076.mp4	verified
77	train	BOLD Moments Dataset video 0077	BMD stimulus set, video 0077	https://boldmomentsdataset.csail.mit.edu/stimuli_metadata	third-party; not included	3	24	268	268	72	no	eb0a52e48f81de457d164d192a914e0fca55512dd45e5d8eea29c748461f2f6f	ffprobe + SHA-256 of BMD stimulus_set file 0077.mp4	verified
78	train	BOLD Moments Dataset video 0078	BMD stimulus set, video 0078	https://boldmomentsdataset.csail.mit.edu/stimuli_metadata	third-party; not included	3	30	268	268	90	no	ddf8aba6af582688cf2989d03ccbad9f9ea32b0ba5201aeb61f062385d85e0ab	ffprobe + SHA-256 of BMD stimulus_set file 0078.mp4	verified
79	train	BOLD Moments Dataset video 0079	BMD stimulus set, video 0079	https://boldmomentsdataset.csail.mit.edu/stimuli_metadata	third-party; not included	3	30	268	268	90	no	9dcea71bc7974c14d1bc8af793740fab672ea1657208b67d2e46925babf9572f	ffprobe + SHA-256 of BMD stimulus_set file 0079.mp4	verified
80	train	BOLD Moments Dataset video 0080	BMD stimulus set, video 0080	https://boldmomentsdataset.csail.mit.edu/stimuli_metadata	third-party; not included	3	25	268	268	75	no	d37040b85843ba9667aeeed038966f93ac13ddfbc2b3e90b1a08daf6de35641d	ffprobe + SHA-256 of BMD stimulus_set file 0080.mp4	verified
81	train	BOLD Moments Dataset video 0081	BMD stimulus set, video 0081	https://boldmomentsdataset.csail.mit.edu/stimuli_metadata	third-party; not included	3	25	268	268	75	no	6b7e106579bdd7779ef0781c7f6fac977c67b09d960d167c2c706316544904d9	ffprobe + SHA-256 of BMD stimulus_set file 0081.mp4	verified
82	train	BOLD Moments Dataset video 0082	BMD stimulus set, video 0082	https://boldmomentsdataset.csail.mit.edu/stimuli_metadata	third-party; not included	3	30	268	268	90	no	9c373b7de36e57260447a5183ac19c0dc37b75cd3a99118c7cf29139eb91ee81	ffprobe + SHA-256 of BMD stimulus_set file 0082.mp4	verified
83	train	BOLD Moments Dataset video 0083	BMD stimulus set, video 0083	https://boldmomentsdataset.csail.mit.edu/stimuli_metadata	third-party; not included	3.03	30	268	268	91	no	ce7db487448a597119dd5119ceb5918f691bc3f20e435518ad1b255ceba17ca8	ffprobe + SHA-256 of BMD stimulus_set file 0083.mp4	verified
84	train	BOLD Moments Dataset video 0084	BMD stimulus set, video 0084	https://boldmomentsdataset.csail.mit.edu/stimuli_metadata	third-party; not included	3.03	30	268	268	91	no	69af04b8a0c8858b169df06e76fab4a3664ae33e3a8f68100996276e11226c77	ffprobe + SHA-256 of BMD stimulus_set file 0084.mp4	verified
85	train	BOLD Moments Dataset video 0085	BMD stimulus set, video 0085	https://boldmomentsdataset.csail.mit.edu/stimuli_metadata	third-party; not included	3	30	268	268	90	no	e791360f1f91da9f33d84c2869d4202a557b2f206fd50d85e0b111b8b5298573	ffprobe + SHA-256 of BMD stimulus_set file 0085.mp4	verified
86	train	BOLD Moments Dataset video 0086	BMD stimulus set, video 0086	https://boldmomentsdataset.csail.mit.edu/stimuli_metadata	third-party; not included	3.03	30	268	268	91	no	df9c6532ec1ca07a635da9213a31c75f1fb8b6e6c829f2b756ae9ad35099b5da	ffprobe + SHA-256 of BMD stimulus_set file 0086.mp4	verified
87	train	BOLD Moments Dataset video 0087	BMD stimulus set, video 0087	https://boldmomentsdataset.csail.mit.edu/stimuli_metadata	third-party; not included	3	20	268	268	60	no	f35bd817418715fe7f2f2d5fa2b0e7f3ae418069a0aa49c1413f730fd050e33b	ffprobe + SHA-256 of BMD stimulus_set file 0087.mp4	verified
88	train	BOLD Moments Dataset video 0088	BMD stimulus set, video 0088	https://boldmomentsdataset.csail.mit.edu/stimuli_metadata	third-party; not included	3	30	268	268	90	no	a9c5c2bf17320e9e0397dea1c65da3edf8c9d033709d265c7edc0ca3d5ca233f	ffprobe + SHA-256 of BMD stimulus_set file 0088.mp4	verified
89	train	BOLD Moments Dataset video 0089	BMD stimulus set, video 0089	https://boldmomentsdataset.csail.mit.edu/stimuli_metadata	third-party; not included	3	30	268	268	90	no	ff5c3b2b5108e42bcff264c39ff74d6ed02875b5c1df9b408d2bf3ad16b2c7a0	ffprobe + SHA-256 of BMD stimulus_set file 0089.mp4	verified
90	train	BOLD Moments Dataset video 0090	BMD stimulus set, video 0090	https://boldmomentsdataset.csail.mit.edu/stimuli_metadata	third-party; not included	3	30	268	268	90	no	ca4fc496ae4631e1d1e7c43193027ce5a56f7c3473225612d70f65e891052353	ffprobe + SHA-256 of BMD stimulus_set file 0090.mp4	verified
91	train	BOLD Moments Dataset video 0091	BMD stimulus set, video 0091	https://boldmomentsdataset.csail.mit.edu/stimuli_metadata	third-party; not included	3	30	268	268	90	no	25572b457b7f60c23f10ae7950b77fbb728f6170803f9dfd2b38ec8cffdce576	ffprobe + SHA-256 of BMD stimulus_set file 0091.mp4	verified
92	train	BOLD Moments Dataset video 0092	BMD stimulus set, video 0092	https://boldmomentsdataset.csail.mit.edu/stimuli_metadata	third-party; not included	3	30	268	268	90	no	a8fef275e5d334996030b24b8df86aa2d43dce1988f0ea14b7106917923f55ed	ffprobe + SHA-256 of BMD stimulus_set file 0092.mp4	verified
93	train	BOLD Moments Dataset video 0093	BMD stimulus set, video 0093	https://boldmomentsdataset.csail.mit.edu/stimuli_metadata	third-party; not included	3	30	268	268	90	no	b8abf5501147fddcb0106bffbb4d8d86e816682601fa165b889a5e41c333bd22	ffprobe + SHA-256 of BMD stimulus_set file 0093.mp4	verified
94	train	BOLD Moments Dataset video 0094	BMD stimulus set, video 0094	https://boldmomentsdataset.csail.mit.edu/stimuli_metadata	third-party; not included	3	30	268	268	90	no	186b03300377ea6ff963255a5ed4a503080fdc053d6c92ce0741dbfae1c91d28	ffprobe + SHA-256 of BMD stimulus_set file 0094.mp4	verified
95	train	BOLD Moments Dataset video 0095	BMD stimulus set, video 0095	https://boldmomentsdataset.csail.mit.edu/stimuli_metadata	third-party; not included	3.03	30	268	268	91	no	02f35b87cfa5362d9b8c232823ae116290bb15b039d5a5d8c4e28dfedaee5b96	ffprobe + SHA-256 of BMD stimulus_set file 0095.mp4	verified
96	train	BOLD Moments Dataset video 0096	BMD stimulus set, video 0096	https://boldmomentsdataset.csail.mit.edu/stimuli_metadata	third-party; not included	3.03	30	268	268	91	no	916ed0b7be62cbb568a9e3bafc483d6effabd4c44f62ba8d2d060b11b94a414f	ffprobe + SHA-256 of BMD stimulus_set file 0096.mp4	verified
97	train	BOLD Moments Dataset video 0097	BMD stimulus set, video 0097	https://boldmomentsdataset.csail.mit.edu/stimuli_metadata	third-party; not included	3	30	268	268	90	no	fe7f22758ab71a9ceca084018be5ca534944ce5eb7176dba4a6a7bce34a0927c	ffprobe + SHA-256 of BMD stimulus_set file 0097.mp4	verified
98	train	BOLD Moments Dataset video 0098	BMD stimulus set, video 0098	https://boldmomentsdataset.csail.mit.edu/stimuli_metadata	third-party; not included	3.03	30	268	268	91	no	8774d998ff71108f10c408bbddb75fd071bc9057f48daeba0ff4a833fbb352f8	ffprobe + SHA-256 of BMD stimulus_set file 0098.mp4	verified
99	train	BOLD Moments Dataset video 0099	BMD stimulus set, video 0099	https://boldmomentsdataset.csail.mit.edu/stimuli_metadata	third-party; not included	3.03	30	268	268	91	no	280a4fbdc82d564931c130912348fa69db547ed93d42625f26380191d4f8c398	ffprobe + SHA-256 of BMD stimulus_set file 0099.mp4	verified
100	train	BOLD Moments Dataset video 0100	BMD stimulus set, video 0100	https://boldmomentsdataset.csail.mit.edu/stimuli_metadata	third-party; not included	3	30	268	268	90	no	330930a2b03072045d453ad65799aedeec0e07e16920990dceaeebc4e8a5f251	ffprobe + SHA-256 of BMD stimulus_set file 0100.mp4	verified
101	train	BOLD Moments Dataset video 0101	BMD stimulus set, video 0101	https://boldmomentsdataset.csail.mit.edu/stimuli_metadata	third-party; not included	3	30	268	268	90	no	e9e70b17309a3a08f83b5bc29ff4e45eca057b222f631efbbe28fb36a46aa9b1	ffprobe + SHA-256 of BMD stimulus_set file 0101.mp4	verified
102	train	BOLD Moments Dataset video 0102	BMD stimulus set, video 0102	https://boldmomentsdataset.csail.mit.edu/stimuli_metadata	third-party; not included	3	30	268	268	90	no	73fc4073780d8618bc4e786f77344330dcad8c018c1e5fa7a8efafe2ad17abcc	ffprobe + SHA-256 of BMD stimulus_set file 0102.mp4	verified
103	train	BOLD Moments Dataset video 0103	BMD stimulus set, video 0103	https://boldmomentsdataset.csail.mit.edu/stimuli_metadata	third-party; not included	3	30	268	268	90	no	cc8c9d156eeb1fbf35f9fc4ce7da615fc48d944f76f839ff1efd2d90b3a726e4	ffprobe + SHA-256 of BMD stimulus_set file 0103.mp4	verified
104	train	BOLD Moments Dataset video 0104	BMD stimulus set, video 0104	https://boldmomentsdataset.csail.mit.edu/stimuli_metadata	third-party; not included	3	25	268	268	75	no	b7487df7a82cbcd97c409a27b1a101e05cd7ba6cf6543aac4d045f4d139bec46	ffprobe + SHA-256 of BMD stimulus_set file 0104.mp4	verified
105	train	BOLD Moments Dataset video 0105	BMD stimulus set, video 0105	https://boldmomentsdataset.csail.mit.edu/stimuli_metadata	third-party; not included	3	30	268	268	90	no	8109b2b0bf57c0bfbb6f9eacab90491c557ce0a64439dbb4fb0f2c22f53756ba	ffprobe + SHA-256 of BMD stimulus_set file 0105.mp4	verified
106	train	BOLD Moments Dataset video 0106	BMD stimulus set, video 0106	https://boldmomentsdataset.csail.mit.edu/stimuli_metadata	third-party; not included	3	30	268	268	90	no	784af344a203dbc674e77ea524e151a3ebe2cfeb8750f5757737fbc65826a0eb	ffprobe + SHA-256 of BMD stimulus_set file 0106.mp4	verified
107	train	BOLD Moments Dataset video 0107	BMD stimulus set, video 0107	https://boldmomentsdataset.csail.mit.edu/stimuli_metadata	third-party; not included	3	30	268	268	90	no	a956e23a81e5a9aedaecc7aefaf745c0019084a91521fe491bd15384b9bfa7bc	ffprobe + SHA-256 of BMD stimulus_set file 0107.mp4	verified
108	train	BOLD Moments Dataset video 0108	BMD stimulus set, video 0108	https://boldmomentsdataset.csail.mit.edu/stimuli_metadata	third-party; not included	3	30	268	268	90	no	8470023439b254d22202d2452aaa86d26195b7149a8e9999034f7e666f2238a6	ffprobe + SHA-256 of BMD stimulus_set file 0108.mp4	verified
109	train	BOLD Moments Dataset video 0109	BMD stimulus set, video 0109	https://boldmomentsdataset.csail.mit.edu/stimuli_metadata	third-party; not included	3	24	268	268	72	no	f34dabb9c99cb17b7e3cd3efbc7159ddf919cd2c69ef8227aa89566da7a4636a	ffprobe + SHA-256 of BMD stimulus_set file 0109.mp4	verified
110	train	BOLD Moments Dataset video 0110	BMD stimulus set, video 0110	https://boldmomentsdataset.csail.mit.edu/stimuli_metadata	third-party; not included	3	25	268	268	75	no	0156d99c40bad9b788d18b6e57439495bfec2227a7b9d55a57069bd0c5adcd72	ffprobe + SHA-256 of BMD stimulus_set file 0110.mp4	verified
111	train	BOLD Moments Dataset video 0111	BMD stimulus set, video 0111	https://boldmomentsdataset.csail.mit.edu/stimuli_metadata	third-party; not included	3	30	268	268	90	no	a8633b5715f2d0a2cb50a9f92ea5f3ba99ac7cea1f82715d759e6dc3e567c835	ffprobe + SHA-256 of BMD stimulus_set file 0111.mp4	verified
112	train	BOLD Moments Dataset video 0112	BMD stimulus set, video 0112	https://boldmomentsdataset.csail.mit.edu/stimuli_metadata	third-party; not included	3	30	268	268	90	no	6f3fe518fd4348e923d98ca4bbba93b6d235fa7dcbe074351f9f872b3700ee54	ffprobe + SHA-256 of BMD stimulus_set file 0112.mp4	verified
113	train	BOLD Moments Dataset video 0113	BMD stimulus set, video 0113	https://boldmomentsdataset.csail.mit.edu/stimuli_metadata	third-party; not included	3	30	268	268	90	no	0ee5f748dc1f9ccf1040f3b8011c8ada14a2be751e3ea2408474b0ee4af54e65	ffprobe + SHA-256 of BMD stimulus_set file 0113.mp4	verified
114	train	BOLD Moments Dataset video 0114	BMD stimulus set, video 0114	https://boldmomentsdataset.csail.mit.edu/stimuli_metadata	third-party; not included	3	30	268	268	90	no	cf39936315a4a3dcc5c3784986345289c7304ac7e4c2814cf2edb75fa3eaa857	ffprobe + SHA-256 of BMD stimulus_set file 0114.mp4	verified
115	train	BOLD Moments Dataset video 0115	BMD stimulus set, video 0115	https://boldmomentsdataset.csail.mit.edu/stimuli_metadata	third-party; not included	3	24	268	268	72	no	be635524d4fa8a0f016ee738fe491bcf40e3684ed01b21448fc5f3c9c44ee7cd	ffprobe + SHA-256 of BMD stimulus_set file 0115.mp4	verified
116	train	BOLD Moments Dataset video 0116	BMD stimulus set, video 0116	https://boldmomentsdataset.csail.mit.edu/stimuli_metadata	third-party; not included	3.03	30	268	268	91	no	a15737e0bc0e55da4115e0c2f09e1f6ae391f54207ef0d8b75efd3c8767222b4	ffprobe + SHA-256 of BMD stimulus_set file 0116.mp4	verified
117	train	BOLD Moments Dataset video 0117	BMD stimulus set, video 0117	https://boldmomentsdataset.csail.mit.edu/stimuli_metadata	third-party; not included	3.03	30	268	268	91	no	2b1918a819ab357a1804405409326e3dbcb8e7d8a7a6c4137dd611534d2592b8	ffprobe + SHA-256 of BMD stimulus_set file 0117.mp4	verified
118	train	BOLD Moments Dataset video 0118	BMD stimulus set, video 0118	https://boldmomentsdataset.csail.mit.edu/stimuli_metadata	third-party; not included	3	30	268	268	90	no	5b99c63f845550c498150988d685906fb807137923d37de8a97cabc9f8cdbd26	ffprobe + SHA-256 of BMD stimulus_set file 0118.mp4	verified
119	train	BOLD Moments Dataset video 0119	BMD stimulus set, video 0119	https://boldmomentsdataset.csail.mit.edu/stimuli_metadata	third-party; not included	3	30	268	268	90	no	aa80b602c45e13b3670b2e95d278d748f24cb415dc4dc4e3cd137208f4f10cce	ffprobe + SHA-256 of BMD stimulus_set file 0119.mp4	verified
120	train	BOLD Moments Dataset video 0120	BMD stimulus set, video 0120	https://boldmomentsdataset.csail.mit.edu/stimuli_metadata	third-party; not included	3	30	268	268	90	no	8a7850a96d8a539013380229cb4c4e727c9dfc4768c3ebc1af0c3f6cff8a45a7	ffprobe + SHA-256 of BMD stimulus_set file 0120.mp4	verified
121	train	BOLD Moments Dataset video 0121	BMD stimulus set, video 0121	https://boldmomentsdataset.csail.mit.edu/stimuli_metadata	third-party; not included	3.03	30	268	268	91	no	fc0ff861f59a9c3373f1cfa76946d0fb8ffa1d5ec5496eaece97d98f7ae7626c	ffprobe + SHA-256 of BMD stimulus_set file 0121.mp4	verified
122	train	BOLD Moments Dataset video 0122	BMD stimulus set, video 0122	https://boldmomentsdataset.csail.mit.edu/stimuli_metadata	third-party; not included	3.03	30	268	268	91	no	40ae67c868f3cc2fd4e1c2c5bdcf30d11662df1cb1477c6616ae6c55e889d6f0	ffprobe + SHA-256 of BMD stimulus_set file 0122.mp4	verified
123	train	BOLD Moments Dataset video 0123	BMD stimulus set, video 0123	https://boldmomentsdataset.csail.mit.edu/stimuli_metadata	third-party; not included	3	30	268	268	90	no	d6cce27fe2b7ef4df0f5c1fd17f020affb980de10c9d22618199f34a85846afb	ffprobe + SHA-256 of BMD stimulus_set file 0123.mp4	verified
124	train	BOLD Moments Dataset video 0124	BMD stimulus set, video 0124	https://boldmomentsdataset.csail.mit.edu/stimuli_metadata	third-party; not included	3	30	268	268	90	no	2f87b9640d980e6c17100b71af4c6fa8c2d1d0bd76be74a0cec8b1d728826df1	ffprobe + SHA-256 of BMD stimulus_set file 0124.mp4	verified
125	train	BOLD Moments Dataset video 0125	BMD stimulus set, video 0125	https://boldmomentsdataset.csail.mit.edu/stimuli_metadata	third-party; not included	3	29	268	268	87	no	0b0420b4cff2549981d580016fd1714f2cfd5824b211356f03efff3d37fafbba	ffprobe + SHA-256 of BMD stimulus_set file 0125.mp4	verified
126	train	BOLD Moments Dataset video 0126	BMD stimulus set, video 0126	https://boldmomentsdataset.csail.mit.edu/stimuli_metadata	third-party; not included	3	30	268	268	90	no	55164783fa2e7580de194d2c564fb8242aa95ce4d3d8edf58bf87a3bcb53bb07	ffprobe + SHA-256 of BMD stimulus_set file 0126.mp4	verified
127	train	BOLD Moments Dataset video 0127	BMD stimulus set, video 0127	https://boldmomentsdataset.csail.mit.edu/stimuli_metadata	third-party; not included	3	30	268	268	90	no	df61554fe80f70613ea6d9acd6bb3dc54e75e7b38db499459dece864e3fe81eb	ffprobe + SHA-256 of BMD stimulus_set file 0127.mp4	verified
128	train	BOLD Moments Dataset video 0128	BMD stimulus set, video 0128	https://boldmomentsdataset.csail.mit.edu/stimuli_metadata	third-party; not included	3	30	268	268	90	no	001990b132f0b801d123874f7c5678b6d859eb5bfe2564b18274edcb3d451363	ffprobe + SHA-256 of BMD stimulus_set file 0128.mp4	verified
129	train	BOLD Moments Dataset video 0129	BMD stimulus set, video 0129	https://boldmomentsdataset.csail.mit.edu/stimuli_metadata	third-party; not included	3	30	268	268	90	no	d5f03acb6fe627810c845f4fc254555b8838a4eeaf13c35ee096c284a8c2932b	ffprobe + SHA-256 of BMD stimulus_set file 0129.mp4	verified
130	train	BOLD Moments Dataset video 0130	BMD stimulus set, video 0130	https://boldmomentsdataset.csail.mit.edu/stimuli_metadata	third-party; not included	3	30	268	268	90	no	02cd5291e9ff1f3a55dfba535ccd9e7f4803ab8e1943396868f42ce889378465	ffprobe + SHA-256 of BMD stimulus_set file 0130.mp4	verified
131	train	BOLD Moments Dataset video 0131	BMD stimulus set, video 0131	https://boldmomentsdataset.csail.mit.edu/stimuli_metadata	third-party; not included	3	24	268	268	72	no	607c9ab21a2c463579876483b5725b05b7c6e69708802f33ee8e2caa76226aff	ffprobe + SHA-256 of BMD stimulus_set file 0131.mp4	verified
132	train	BOLD Moments Dataset video 0132	BMD stimulus set, video 0132	https://boldmomentsdataset.csail.mit.edu/stimuli_metadata	third-party; not included	3	30	268	268	90	no	23d30e14232bca22ca502ddfb3ef53d076ec6bab8bcdea5e7ce63c17949a3002	ffprobe + SHA-256 of BMD stimulus_set file 0132.mp4	verified
133	train	BOLD Moments Dataset video 0133	BMD stimulus set, video 0133	https://boldmomentsdataset.csail.mit.edu/stimuli_metadata	third-party; not included	3	30	268	268	90	no	310dc9fc9f4fee68b181bbc6cd05b9f74cfd5ff106ca68e545f538c69310637d	ffprobe + SHA-256 of BMD stimulus_set file 0133.mp4	verified
134	train	BOLD Moments Dataset video 0134	BMD stimulus set, video 0134	https://boldmomentsdataset.csail.mit.edu/stimuli_metadata	third-party; not included	3	30	268	268	90	no	1771ef903e2312b6891f7a8cfe5c4f1dbe4ea79fa1c24c9a5fef41abcb4c16de	ffprobe + SHA-256 of BMD stimulus_set file 0134.mp4	verified
135	train	BOLD Moments Dataset video 0135	BMD stimulus set, video 0135	https://boldmomentsdataset.csail.mit.edu/stimuli_metadata	third-party; not included	3.03	30	268	268	91	no	9e56b51435437e8b1be6a6ae901961045dc1b25b27360d3af0f4ae60394a7cbb	ffprobe + SHA-256 of BMD stimulus_set file 0135.mp4	verified
136	train	BOLD Moments Dataset video 0136	BMD stimulus set, video 0136	https://boldmomentsdataset.csail.mit.edu/stimuli_metadata	third-party; not included	3	30	268	268	90	no	ac8d74018387127e090dc1f8a7724dd359d948dd9d3e74e457a773545dd010d1	ffprobe + SHA-256 of BMD stimulus_set file 0136.mp4	verified
137	train	BOLD Moments Dataset video 0137	BMD stimulus set, video 0137	https://boldmomentsdataset.csail.mit.edu/stimuli_metadata	third-party; not included	3	30	268	268	90	no	2f1af9c628fb08357ace2823281d7cc5a20a2772049ee97fcf7a8b067725aae1	ffprobe + SHA-256 of BMD stimulus_set file 0137.mp4	verified
138	train	BOLD Moments Dataset video 0138	BMD stimulus set, video 0138	https://boldmomentsdataset.csail.mit.edu/stimuli_metadata	third-party; not included	3	30	268	268	90	no	00ea475a331ff2c5264abb4ef37b4bb38fcaf4557100677c64066c27e1794fdd	ffprobe + SHA-256 of BMD stimulus_set file 0138.mp4	verified
139	train	BOLD Moments Dataset video 0139	BMD stimulus set, video 0139	https://boldmomentsdataset.csail.mit.edu/stimuli_metadata	third-party; not included	3	30	268	268	90	no	0cf169f7f22cd87bfde9d4d5991c641425b5b8f8e4974f9f06a293bed22b37c4	ffprobe + SHA-256 of BMD stimulus_set file 0139.mp4	verified
140	train	BOLD Moments Dataset video 0140	BMD stimulus set, video 0140	https://boldmomentsdataset.csail.mit.edu/stimuli_metadata	third-party; not included	3	24	268	268	72	no	4c310d96e1514788a42f7646a7136877c162986e581158118b4f9407570b58ea	ffprobe + SHA-256 of BMD stimulus_set file 0140.mp4	verified
141	train	BOLD Moments Dataset video 0141	BMD stimulus set, video 0141	https://boldmomentsdataset.csail.mit.edu/stimuli_metadata	third-party; not included	3	30	268	268	90	no	40014d97bb05e154b93f890d33c7fa6a1717cc063b04a547f1ca770bc3945df4	ffprobe + SHA-256 of BMD stimulus_set file 0141.mp4	verified
142	train	BOLD Moments Dataset video 0142	BMD stimulus set, video 0142	https://boldmomentsdataset.csail.mit.edu/stimuli_metadata	third-party; not included	3	30	268	268	90	no	d06ce9d68278f2194fcfdf3f3c7ddd38dc137be813c331d283ccdfaea9b85537	ffprobe + SHA-256 of BMD stimulus_set file 0142.mp4	verified
143	train	BOLD Moments Dataset video 0143	BMD stimulus set, video 0143	https://boldmomentsdataset.csail.mit.edu/stimuli_metadata	third-party; not included	3.03	30	268	268	91	no	33ed10c5c8436baa9a609f08f011c2470f61d46d4d23f5c4aa721be2c6d44512	ffprobe + SHA-256 of BMD stimulus_set file 0143.mp4	verified
144	train	BOLD Moments Dataset video 0144	BMD stimulus set, video 0144	https://boldmomentsdataset.csail.mit.edu/stimuli_metadata	third-party; not included	3	30	268	268	90	no	194b6834876eda49f91190603e8022d1edc768f2617fc86816b0cf694c5d285a	ffprobe + SHA-256 of BMD stimulus_set file 0144.mp4	verified
145	train	BOLD Moments Dataset video 0145	BMD stimulus set, video 0145	https://boldmomentsdataset.csail.mit.edu/stimuli_metadata	third-party; not included	3.03	30	268	268	91	no	481b597f2814fa3f139b8c372c6f9922b0b305bb25e5c62db81adb4fbeb7e9df	ffprobe + SHA-256 of BMD stimulus_set file 0145.mp4	verified
146	train	BOLD Moments Dataset video 0146	BMD stimulus set, video 0146	https://boldmomentsdataset.csail.mit.edu/stimuli_metadata	third-party; not included	3	30	268	268	90	no	b7060e04cb6f5e4b75a37b4454c33f33178dc5d1d56dfbb5e303ad4e9b9bc97c	ffprobe + SHA-256 of BMD stimulus_set file 0146.mp4	verified
147	train	BOLD Moments Dataset video 0147	BMD stimulus set, video 0147	https://boldmomentsdataset.csail.mit.edu/stimuli_metadata	third-party; not included	3	30	268	268	90	no	44a11c63152066ec4b508345d943424caf89c76975e8ca81747c606d54a055a5	ffprobe + SHA-256 of BMD stimulus_set file 0147.mp4	verified
148	train	BOLD Moments Dataset video 0148	BMD stimulus set, video 0148	https://boldmomentsdataset.csail.mit.edu/stimuli_metadata	third-party; not included	3	30	268	268	90	no	d1df42f491bd69ec1df3b7b0aef432e23f42a5823c26b2fbaad8f3e6cce5870f	ffprobe + SHA-256 of BMD stimulus_set file 0148.mp4	verified
149	train	BOLD Moments Dataset video 0149	BMD stimulus set, video 0149	https://boldmomentsdataset.csail.mit.edu/stimuli_metadata	third-party; not included	3	30	268	268	90	no	bff38d74a0ec0cabee132ec310e39aa63503d1e07940d50ba8273365627da07c	ffprobe + SHA-256 of BMD stimulus_set file 0149.mp4	verified
150	train	BOLD Moments Dataset video 0150	BMD stimulus set, video 0150	https://boldmomentsdataset.csail.mit.edu/stimuli_metadata	third-party; not included	3	30	268	268	90	no	6e60b854f8d9e079f59e42be6d9c0f919631bbcb8262a0738119a703db82df68	ffprobe + SHA-256 of BMD stimulus_set file 0150.mp4	verified
151	train	BOLD Moments Dataset video 0151	BMD stimulus set, video 0151	https://boldmomentsdataset.csail.mit.edu/stimuli_metadata	third-party; not included	3	30	268	268	90	no	9cc0c16b85633e5b93ff85f79bbbaa04ec31b5b9853264493083a4a2b95df5b3	ffprobe + SHA-256 of BMD stimulus_set file 0151.mp4	verified
152	train	BOLD Moments Dataset video 0152	BMD stimulus set, video 0152	https://boldmomentsdataset.csail.mit.edu/stimuli_metadata	third-party; not included	3	30	268	268	90	no	b3a2445263a4a2cfdb320d56d5c77266b2b1f024802349eb13542664bb6e1892	ffprobe + SHA-256 of BMD stimulus_set file 0152.mp4	verified
153	train	BOLD Moments Dataset video 0153	BMD stimulus set, video 0153	https://boldmomentsdataset.csail.mit.edu/stimuli_metadata	third-party; not included	3	30	268	268	90	no	2f61b79d615417691dfa0bd00595b2de6536883eccf7af5e4a0d88845c8de7ff	ffprobe + SHA-256 of BMD stimulus_set file 0153.mp4	verified
154	train	BOLD Moments Dataset video 0154	BMD stimulus set, video 0154	https://boldmomentsdataset.csail.mit.edu/stimuli_metadata	third-party; not included	3	30	268	268	90	no	506aba9cbddd367d74f62019640bb7a41f15c00fd1a5ca39f9d83b80dfb2f7ef	ffprobe + SHA-256 of BMD stimulus_set file 0154.mp4	verified
155	train	BOLD Moments Dataset video 0155	BMD stimulus set, video 0155	https://boldmomentsdataset.csail.mit.edu/stimuli_metadata	third-party; not included	3	30	268	268	90	no	c45f3d7c36f933717d1c86a9da353964501de88bae51871aa051c12353210e6e	ffprobe + SHA-256 of BMD stimulus_set file 0155.mp4	verified
156	train	BOLD Moments Dataset video 0156	BMD stimulus set, video 0156	https://boldmomentsdataset.csail.mit.edu/stimuli_metadata	third-party; not included	3	30	268	268	90	no	c3a2e37fb8ec82ea3c7216cb1a4db1d21a8627dd08bdf296b990d94acdc456a9	ffprobe + SHA-256 of BMD stimulus_set file 0156.mp4	verified
157	train	BOLD Moments Dataset video 0157	BMD stimulus set, video 0157	https://boldmomentsdataset.csail.mit.edu/stimuli_metadata	third-party; not included	3	30	268	268	90	no	a833f81c734b859741ce0ecd85981e952342552be418f71d77e4f65ae536bf4c	ffprobe + SHA-256 of BMD stimulus_set file 0157.mp4	verified
158	train	BOLD Moments Dataset video 0158	BMD stimulus set, video 0158	https://boldmomentsdataset.csail.mit.edu/stimuli_metadata	third-party; not included	3	24	268	268	72	no	02ef108dcba8e4c9e2b704ab3f11f6484ede056e5ee1be97db8b31ff2db1e475	ffprobe + SHA-256 of BMD stimulus_set file 0158.mp4	verified
159	train	BOLD Moments Dataset video 0159	BMD stimulus set, video 0159	https://boldmomentsdataset.csail.mit.edu/stimuli_metadata	third-party; not included	3	24	268	268	72	no	5f2150fec9e93afa9520f862ae8471da0a8784c8ebf2b3171423ac1eef119a4c	ffprobe + SHA-256 of BMD stimulus_set file 0159.mp4	verified
160	train	BOLD Moments Dataset video 0160	BMD stimulus set, video 0160	https://boldmomentsdataset.csail.mit.edu/stimuli_metadata	third-party; not included	3.03	30	268	268	91	no	1accf05641bec30c1dcf41a3ee501479d4899daa5833ed7e3da67b8eb0e35483	ffprobe + SHA-256 of BMD stimulus_set file 0160.mp4	verified
161	train	BOLD Moments Dataset video 0161	BMD stimulus set, video 0161	https://boldmomentsdataset.csail.mit.edu/stimuli_metadata	third-party; not included	3	30	268	268	90	no	a9f5f389ad13d4b765abb4d19107f35f9e041dccbcc41ccd95ae9ae70e1751da	ffprobe + SHA-256 of BMD stimulus_set file 0161.mp4	verified
162	train	BOLD Moments Dataset video 0162	BMD stimulus set, video 0162	https://boldmomentsdataset.csail.mit.edu/stimuli_metadata	third-party; not included	3	30	268	268	90	no	8ee9115f55f440e220fff338f633d2a95b9ea536affabddfaac7d5b5cc4ff14d	ffprobe + SHA-256 of BMD stimulus_set file 0162.mp4	verified
163	train	BOLD Moments Dataset video 0163	BMD stimulus set, video 0163	https://boldmomentsdataset.csail.mit.edu/stimuli_metadata	third-party; not included	3	30	268	268	90	no	27c17961773e299c7b3699df48e05cb1028e01722e6323252fcd326e8a694de8	ffprobe + SHA-256 of BMD stimulus_set file 0163.mp4	verified
164	train	BOLD Moments Dataset video 0164	BMD stimulus set, video 0164	https://boldmomentsdataset.csail.mit.edu/stimuli_metadata	third-party; not included	3	25	268	268	75	no	47242e4744f285c98c1fb315355aef859064ba81c05f9da2d765bac742e9be63	ffprobe + SHA-256 of BMD stimulus_set file 0164.mp4	verified
165	train	BOLD Moments Dataset video 0165	BMD stimulus set, video 0165	https://boldmomentsdataset.csail.mit.edu/stimuli_metadata	third-party; not included	3.03	30	268	268	91	no	53f1a5efa031fe2c54c45a0cc394187777a77541655954f6262cac9f368116d2	ffprobe + SHA-256 of BMD stimulus_set file 0165.mp4	verified
166	train	BOLD Moments Dataset video 0166	BMD stimulus set, video 0166	https://boldmomentsdataset.csail.mit.edu/stimuli_metadata	third-party; not included	3	24	268	268	72	no	9a6eb8721789104850988c3c288115dab8215ac63d2d97ee74479d11db43718d	ffprobe + SHA-256 of BMD stimulus_set file 0166.mp4	verified
167	train	BOLD Moments Dataset video 0167	BMD stimulus set, video 0167	https://boldmomentsdataset.csail.mit.edu/stimuli_metadata	third-party; not included	3	30	268	268	90	no	be7249129ddf077ec9c2dbd116ac1ac3ab4f7f479fa3b6d0f31d4cf3b9920857	ffprobe + SHA-256 of BMD stimulus_set file 0167.mp4	verified
168	train	BOLD Moments Dataset video 0168	BMD stimulus set, video 0168	https://boldmomentsdataset.csail.mit.edu/stimuli_metadata	third-party; not included	3	30	268	268	90	no	b1f51978d4c4e51f6178dd5cdca686f0ad4d15feacdf9d6febbea34102666b92	ffprobe + SHA-256 of BMD stimulus_set file 0168.mp4	verified
169	train	BOLD Moments Dataset video 0169	BMD stimulus set, video 0169	https://boldmomentsdataset.csail.mit.edu/stimuli_metadata	third-party; not included	3.04	24	268	268	73	no	c5066cb5fe06542f846845d6c965c3907d2155ff4c853477c673e797f39bfdc8	ffprobe + SHA-256 of BMD stimulus_set file 0169.mp4	verified
170	train	BOLD Moments Dataset video 0170	BMD stimulus set, video 0170	https://boldmomentsdataset.csail.mit.edu/stimuli_metadata	third-party; not included	3	25	268	268	75	no	51171f26c1ec91376dc73f1af50cbe7cb9324c27faea88d5b9cabe6e641b8a96	ffprobe + SHA-256 of BMD stimulus_set file 0170.mp4	verified
171	train	BOLD Moments Dataset video 0171	BMD stimulus set, video 0171	https://boldmomentsdataset.csail.mit.edu/stimuli_metadata	third-party; not included	3.07	15	268	268	46	no	fa50af97b143d7732a6632f4a4d8d53c917ed4560dca37a97c2ca64cf2fa3564	ffprobe + SHA-256 of BMD stimulus_set file 0171.mp4	verified
172	train	BOLD Moments Dataset video 0172	BMD stimulus set, video 0172	https://boldmomentsdataset.csail.mit.edu/stimuli_metadata	third-party; not included	3	30	268	268	90	no	12a648806a5c4c4e9da0fec2260c8286d256ea6afb99590156670b0c6072b682	ffprobe + SHA-256 of BMD stimulus_set file 0172.mp4	verified
173	train	BOLD Moments Dataset video 0173	BMD stimulus set, video 0173	https://boldmomentsdataset.csail.mit.edu/stimuli_metadata	third-party; not included	3.03	30	268	268	91	no	b874d3d2f65d812686fffed514d474acdd6c35d515e3b567173637605f1e9012	ffprobe + SHA-256 of BMD stimulus_set file 0173.mp4	verified
174	train	BOLD Moments Dataset video 0174	BMD stimulus set, video 0174	https://boldmomentsdataset.csail.mit.edu/stimuli_metadata	third-party; not included	3.03	30	268	268	91	no	5d0dfd743c7ee4133cbef490069d2c7c310db276a25b5184bbe6ac492ab7ae4a	ffprobe + SHA-256 of BMD stimulus_set file 0174.mp4	verified
175	train	BOLD Moments Dataset video 0175	BMD stimulus set, video 0175	https://boldmomentsdataset.csail.mit.edu/stimuli_metadata	third-party; not included	3.03	30	268	268	91	no	cf99b2633384d898c1dd7a551fab9b816af76eee554197875754faad0c714ed6	ffprobe + SHA-256 of BMD stimulus_set file 0175.mp4	verified
176	train	BOLD Moments Dataset video 0176	BMD stimulus set, video 0176	https://boldmomentsdataset.csail.mit.edu/stimuli_metadata	third-party; not included	3	30	268	268	90	no	eb4696aaa60a61acde9c0acea2381f2d63dec9c2409133a5b66cb44175765983	ffprobe + SHA-256 of BMD stimulus_set file 0176.mp4	verified
177	train	BOLD Moments Dataset video 0177	BMD stimulus set, video 0177	https://boldmomentsdataset.csail.mit.edu/stimuli_metadata	third-party; not included	3	30	268	268	90	no	e7304808f6eb75657f1ff7acb9b400d6c285a9f3120ba6ddcdd67dab3a911005	ffprobe + SHA-256 of BMD stimulus_set file 0177.mp4	verified
178	train	BOLD Moments Dataset video 0178	BMD stimulus set, video 0178	https://boldmomentsdataset.csail.mit.edu/stimuli_metadata	third-party; not included	3.03	30	268	268	91	no	a26cc4ecb8d3aa1d8f6b0d81bb1b3cf5d358fa8df398978a92304c485ce3f60a	ffprobe + SHA-256 of BMD stimulus_set file 0178.mp4	verified
179	train	BOLD Moments Dataset video 0179	BMD stimulus set, video 0179	https://boldmomentsdataset.csail.mit.edu/stimuli_metadata	third-party; not included	3.03	30	268	268	91	no	2de71ad626c8ceb00f2cc096ce4a559e688bc5de654c5eb7f0f16024aed973fe	ffprobe + SHA-256 of BMD stimulus_set file 0179.mp4	verified
180	train	BOLD Moments Dataset video 0180	BMD stimulus set, video 0180	https://boldmomentsdataset.csail.mit.edu/stimuli_metadata	third-party; not included	3	30	268	268	90	no	e9e1769beea3dff6826ba4b31f838776d144c7ba2c648d603205d7b4178674b6	ffprobe + SHA-256 of BMD stimulus_set file 0180.mp4	verified
181	train	BOLD Moments Dataset video 0181	BMD stimulus set, video 0181	https://boldmomentsdataset.csail.mit.edu/stimuli_metadata	third-party; not included	3.07	15	268	268	46	no	26fa834e69638b08b7320461bae37ffa40d90bc3bd2d4f2cbac5d77eadd623ce	ffprobe + SHA-256 of BMD stimulus_set file 0181.mp4	verified
182	train	BOLD Moments Dataset video 0182	BMD stimulus set, video 0182	https://boldmomentsdataset.csail.mit.edu/stimuli_metadata	third-party; not included	3	30	268	268	90	no	2fba0a658c666fa479ae2c3a4c48ff8d1767d74c4ca44626341836c58944a5d9	ffprobe + SHA-256 of BMD stimulus_set file 0182.mp4	verified
183	train	BOLD Moments Dataset video 0183	BMD stimulus set, video 0183	https://boldmomentsdataset.csail.mit.edu/stimuli_metadata	third-party; not included	3	30	268	268	90	no	bf30adea37f9c91ca0aab9d17a287bb5cd283f9bfa00172299ea45cb6d0c4661	ffprobe + SHA-256 of BMD stimulus_set file 0183.mp4	verified
184	train	BOLD Moments Dataset video 0184	BMD stimulus set, video 0184	https://boldmomentsdataset.csail.mit.edu/stimuli_metadata	third-party; not included	3	25	268	268	75	no	d8c6fc2f8ba6be1f62507f66b55c4365251e86e6970b94737766676f5105a020	ffprobe + SHA-256 of BMD stimulus_set file 0184.mp4	verified
185	train	BOLD Moments Dataset video 0185	BMD stimulus set, video 0185	https://boldmomentsdataset.csail.mit.edu/stimuli_metadata	third-party; not included	3	30	268	268	90	no	b510897a3330a5300259ce22623517140594b89cd064410e1bd37eb7aeb17360	ffprobe + SHA-256 of BMD stimulus_set file 0185.mp4	verified
186	train	BOLD Moments Dataset video 0186	BMD stimulus set, video 0186	https://boldmomentsdataset.csail.mit.edu/stimuli_metadata	third-party; not included	3	24	268	268	72	no	51662a1fb6a0c5a9310e63cb72196bac8346cd90fa2c94c4b6a1b153bf8b86ee	ffprobe + SHA-256 of BMD stimulus_set file 0186.mp4	verified
187	train	BOLD Moments Dataset video 0187	BMD stimulus set, video 0187	https://boldmomentsdataset.csail.mit.edu/stimuli_metadata	third-party; not included	3	30	268	268	90	no	d42f88c4438c4d232563e1f465b855ed6703092226d1bc9411b7aad32397c4f6	ffprobe + SHA-256 of BMD stimulus_set file 0187.mp4	verified
188	train	BOLD Moments Dataset video 0188	BMD stimulus set, video 0188	https://boldmomentsdataset.csail.mit.edu/stimuli_metadata	third-party; not included	3	30	268	268	90	no	d2f3022a90525fb25956351591673e82e76deeebeda39e62204e3704891f1a5b	ffprobe + SHA-256 of BMD stimulus_set file 0188.mp4	verified
189	train	BOLD Moments Dataset video 0189	BMD stimulus set, video 0189	https://boldmomentsdataset.csail.mit.edu/stimuli_metadata	third-party; not included	3	30	268	268	90	no	a7f8e8ba9e33cb78269f7a1dce9362a4c267cd886ca5a70e3f64f2f4cf1667a5	ffprobe + SHA-256 of BMD stimulus_set file 0189.mp4	verified
190	train	BOLD Moments Dataset video 0190	BMD stimulus set, video 0190	https://boldmomentsdataset.csail.mit.edu/stimuli_metadata	third-party; not included	3.03	30	268	268	91	no	85bc959ac1aae8a51fceb1c176c4a88f97d04b045434ae6ce5ce0f77bb4ce366	ffprobe + SHA-256 of BMD stimulus_set file 0190.mp4	verified
191	train	BOLD Moments Dataset video 0191	BMD stimulus set, video 0191	https://boldmomentsdataset.csail.mit.edu/stimuli_metadata	third-party; not included	3	30	268	268	90	no	425b7442cbd2c5d3289491fc26149264a966e358d12ac314751d4d82550aa176	ffprobe + SHA-256 of BMD stimulus_set file 0191.mp4	verified
192	train	BOLD Moments Dataset video 0192	BMD stimulus set, video 0192	https://boldmomentsdataset.csail.mit.edu/stimuli_metadata	third-party; not included	3	30	268	268	90	no	e270c4fd9f287afc89cf974d3f4037f1545b4b119a14b165fabd8c0060934add	ffprobe + SHA-256 of BMD stimulus_set file 0192.mp4	verified
193	train	BOLD Moments Dataset video 0193	BMD stimulus set, video 0193	https://boldmomentsdataset.csail.mit.edu/stimuli_metadata	third-party; not included	3	30	268	268	90	no	dd3689fc78ab604eb14ec5913fe75636fb750fdb845aa611eff2ab4c4bc2f0a7	ffprobe + SHA-256 of BMD stimulus_set file 0193.mp4	verified
194	train	BOLD Moments Dataset video 0194	BMD stimulus set, video 0194	https://boldmomentsdataset.csail.mit.edu/stimuli_metadata	third-party; not included	3.03	30	268	268	91	no	5321e0aeb4a8f9811adb154a450b29965dc185ecb8e3280285f6069ad0b18372	ffprobe + SHA-256 of BMD stimulus_set file 0194.mp4	verified
195	train	BOLD Moments Dataset video 0195	BMD stimulus set, video 0195	https://boldmomentsdataset.csail.mit.edu/stimuli_metadata	third-party; not included	3.03	30	268	268	91	no	c2400633744c73c6a62471ff1562948c69c2f63da523080240b74a1f069e1d21	ffprobe + SHA-256 of BMD stimulus_set file 0195.mp4	verified
196	train	BOLD Moments Dataset video 0196	BMD stimulus set, video 0196	https://boldmomentsdataset.csail.mit.edu/stimuli_metadata	third-party; not included	3	30	268	268	90	no	508fc6c9ddf280c5771865bdc698666be012ce0d5b3320d2a89cd18992ae934e	ffprobe + SHA-256 of BMD stimulus_set file 0196.mp4	verified
197	train	BOLD Moments Dataset video 0197	BMD stimulus set, video 0197	https://boldmomentsdataset.csail.mit.edu/stimuli_metadata	third-party; not included	3	30	268	268	90	no	9f5bee9cf89752f61770c3f399b355a5c0ec3dc522b19c94b16c82e3e66e2b64	ffprobe + SHA-256 of BMD stimulus_set file 0197.mp4	verified
198	train	BOLD Moments Dataset video 0198	BMD stimulus set, video 0198	https://boldmomentsdataset.csail.mit.edu/stimuli_metadata	third-party; not included	3.03	30	268	268	91	no	62859da5807c2dcf86900ea663a6439ee383445fbb883c0af14a510c56337dd9	ffprobe + SHA-256 of BMD stimulus_set file 0198.mp4	verified
199	train	BOLD Moments Dataset video 0199	BMD stimulus set, video 0199	https://boldmomentsdataset.csail.mit.edu/stimuli_metadata	third-party; not included	3	25	268	268	75	no	c6840d5ab45e27cac6944ce74c98dd7502c8f8d0e8a972166fe1b8fcdf8eaff9	ffprobe + SHA-256 of BMD stimulus_set file 0199.mp4	verified
200	train	BOLD Moments Dataset video 0200	BMD stimulus set, video 0200	https://boldmomentsdataset.csail.mit.edu/stimuli_metadata	third-party; not included	3	30	268	268	90	no	38edcab56d836c0b4472fe50360113ad2f4664d40f40eccb5e9c54235250e59f	ffprobe + SHA-256 of BMD stimulus_set file 0200.mp4	verified
201	train	BOLD Moments Dataset video 0201	BMD stimulus set, video 0201	https://boldmomentsdataset.csail.mit.edu/stimuli_metadata	third-party; not included	3	24	268	268	72	no	4bf4c93968b988bafa9b7374ec04bbe38eaaa12cbe99ca4b80a78311481d12f7	ffprobe + SHA-256 of BMD stimulus_set file 0201.mp4	verified
202	train	BOLD Moments Dataset video 0202	BMD stimulus set, video 0202	https://boldmomentsdataset.csail.mit.edu/stimuli_metadata	third-party; not included	3	30	268	268	90	no	c83bdf3615518ad1f341529f5f94e3b44fd9ec3f866ad5026cc794ed2ab38931	ffprobe + SHA-256 of BMD stimulus_set file 0202.mp4	verified
203	train	BOLD Moments Dataset video 0203	BMD stimulus set, video 0203	https://boldmomentsdataset.csail.mit.edu/stimuli_metadata	third-party; not included	3	30	268	268	90	no	e50421af8880b9284bcff488a90e0e31a0c3bfc18b60b893b383b39eca3b47ef	ffprobe + SHA-256 of BMD stimulus_set file 0203.mp4	verified
204	train	BOLD Moments Dataset video 0204	BMD stimulus set, video 0204	https://boldmomentsdataset.csail.mit.edu/stimuli_metadata	third-party; not included	3.03	30	268	268	91	no	6f4032a5541a31d14c115def48c8543be4ece6f3fa3586355bb3811f65f9e620	ffprobe + SHA-256 of BMD stimulus_set file 0204.mp4	verified
205	train	BOLD Moments Dataset video 0205	BMD stimulus set, video 0205	https://boldmomentsdataset.csail.mit.edu/stimuli_metadata	third-party; not included	3.03	30	268	268	91	no	59dca2cec01ed520508ad902c8526d2dc752bac8cf8986afba42f81d0092bff6	ffprobe + SHA-256 of BMD stimulus_set file 0205.mp4	verified
206	train	BOLD Moments Dataset video 0206	BMD stimulus set, video 0206	https://boldmomentsdataset.csail.mit.edu/stimuli_metadata	third-party; not included	3.03	30	268	268	91	no	4c45154475ae6b791995892a93ea782933760ea343ae4c783da19adf2a8816c5	ffprobe + SHA-256 of BMD stimulus_set file 0206.mp4	verified
207	train	BOLD Moments Dataset video 0207	BMD stimulus set, video 0207	https://boldmomentsdataset.csail.mit.edu/stimuli_metadata	third-party; not included	3	24	268	268	72	no	c81ab5ba021b2a133c109072b2dae7e2df580c6a72d440f2eac9eee1806e655e	ffprobe + SHA-256 of BMD stimulus_set file 0207.mp4	verified
208	train	BOLD Moments Dataset video 0208	BMD stimulus set, video 0208	https://boldmomentsdataset.csail.mit.edu/stimuli_metadata	third-party; not included	3.03	30	268	268	91	no	28215e0df96f14d62f3c64b48cf42514fb9f7cde00ac936c2ae461c2cd42c1df	ffprobe + SHA-256 of BMD stimulus_set file 0208.mp4	verified
209	train	BOLD Moments Dataset video 0209	BMD stimulus set, video 0209	https://boldmomentsdataset.csail.mit.edu/stimuli_metadata	third-party; not included	3.04	25	268	268	76	no	288e57f06d80a47034333c492f1d923e4579e3e6412f8222a187d9ba6c1bc399	ffprobe + SHA-256 of BMD stimulus_set file 0209.mp4	verified
210	train	BOLD Moments Dataset video 0210	BMD stimulus set, video 0210	https://boldmomentsdataset.csail.mit.edu/stimuli_metadata	third-party; not included	3.07	29	268	268	89	no	a4a8d5051af71c9f1ab610449a54a484d2d5c0c5a0834978ce4a8089b48befdf	ffprobe + SHA-256 of BMD stimulus_set file 0210.mp4	verified
211	train	BOLD Moments Dataset video 0211	BMD stimulus set, video 0211	https://boldmomentsdataset.csail.mit.edu/stimuli_metadata	third-party; not included	3	24	268	268	72	no	b5a6aaeb66b9c92a94076f7d45ebc41e6281d5b1af3b30a03c9639202c567748	ffprobe + SHA-256 of BMD stimulus_set file 0211.mp4	verified
212	train	BOLD Moments Dataset video 0212	BMD stimulus set, video 0212	https://boldmomentsdataset.csail.mit.edu/stimuli_metadata	third-party; not included	3	30	268	268	90	no	d82cbc4135c482dc97992405b71e120f9187a7a76152b60b96f86f02ca100c50	ffprobe + SHA-256 of BMD stimulus_set file 0212.mp4	verified
213	train	BOLD Moments Dataset video 0213	BMD stimulus set, video 0213	https://boldmomentsdataset.csail.mit.edu/stimuli_metadata	third-party; not included	3	15	268	268	45	no	19ba95deef1feb1966d2d257fea8dd1160f986a3c9bd4cafc757598499b01d74	ffprobe + SHA-256 of BMD stimulus_set file 0213.mp4	verified
214	train	BOLD Moments Dataset video 0214	BMD stimulus set, video 0214	https://boldmomentsdataset.csail.mit.edu/stimuli_metadata	third-party; not included	3	30	268	268	90	no	36aae99e73f67ba0cd0eafba60ec8a13ca36e0bfcc70b2f966e69782a0061ab3	ffprobe + SHA-256 of BMD stimulus_set file 0214.mp4	verified
215	train	BOLD Moments Dataset video 0215	BMD stimulus set, video 0215	https://boldmomentsdataset.csail.mit.edu/stimuli_metadata	third-party; not included	3	24	268	268	72	no	dbeb1208c254f1797152e49770a2163cd0f18a7d487de924514b6ea4c0d289b3	ffprobe + SHA-256 of BMD stimulus_set file 0215.mp4	verified
216	train	BOLD Moments Dataset video 0216	BMD stimulus set, video 0216	https://boldmomentsdataset.csail.mit.edu/stimuli_metadata	third-party; not included	3	30	268	268	90	no	d3a9b133da57ebbd48f848f9f0c3f523478d04d7e0e9067586c45a6b856dfb3a	ffprobe + SHA-256 of BMD stimulus_set file 0216.mp4	verified
217	train	BOLD Moments Dataset video 0217	BMD stimulus set, video 0217	https://boldmomentsdataset.csail.mit.edu/stimuli_metadata	third-party; not included	3	30	268	268	90	no	2afc3a70ee439ff6f0e905e7dda7a7d56ee5a1084d24468e72a04b32ce837338	ffprobe + SHA-256 of BMD stimulus_set file 0217.mp4	verified
218	train	BOLD Moments Dataset video 0218	BMD stimulus set, video 0218	https://boldmomentsdataset.csail.mit.edu/stimuli_metadata	third-party; not included	3	30	268	268	90	no	c09677100629349210761a94ce8207a85db83940ea21bff12074c87df5012f65	ffprobe + SHA-256 of BMD stimulus_set file 0218.mp4	verified
219	train	BOLD Moments Dataset video 0219	BMD stimulus set, video 0219	https://boldmomentsdataset.csail.mit.edu/stimuli_metadata	third-party; not included	3	25	268	268	75	no	a71526c368fd4bdf9e95058ce3d82f8a7ba85355b24dcf190527e3273b418b0c	ffprobe + SHA-256 of BMD stimulus_set file 0219.mp4	verified
220	train	BOLD Moments Dataset video 0220	BMD stimulus set, video 0220	https://boldmomentsdataset.csail.mit.edu/stimuli_metadata	third-party; not included	3	30	268	268	90	no	99c559b0947c6b8f530f2f8aaee6ec0416825ffb9b08ea6ee0b4cfa4b0d7481e	ffprobe + SHA-256 of BMD stimulus_set file 0220.mp4	verified
221	train	BOLD Moments Dataset video 0221	BMD stimulus set, video 0221	https://boldmomentsdataset.csail.mit.edu/stimuli_metadata	third-party; not included	3	15	268	268	45	no	c9b6c13e26699aa65133ac79ffedc1190a5fce0053f76bf708adcd58069af5ce	ffprobe + SHA-256 of BMD stimulus_set file 0221.mp4	verified
222	train	BOLD Moments Dataset video 0222	BMD stimulus set, video 0222	https://boldmomentsdataset.csail.mit.edu/stimuli_metadata	third-party; not included	3.07	29	268	268	89	no	7964d548310b3441b2ad29fe9bd51cc9846382458b5e0cd0d8ae6fc7cf307ab3	ffprobe + SHA-256 of BMD stimulus_set file 0222.mp4	verified
223	train	BOLD Moments Dataset video 0223	BMD stimulus set, video 0223	https://boldmomentsdataset.csail.mit.edu/stimuli_metadata	third-party; not included	3	30	268	268	90	no	08b8b9fe290f5268b1b2a69bd0b41c1a1354d626a6fc9b59e7be9883c2034b75	ffprobe + SHA-256 of BMD stimulus_set file 0223.mp4	verified
224	train	BOLD Moments Dataset video 0224	BMD stimulus set, video 0224	https://boldmomentsdataset.csail.mit.edu/stimuli_metadata	third-party; not included	3	30	268	268	90	no	ad180568cf56e1b22c0be32f8e3e483b825da5f87b7dd70db5e3de8086032775	ffprobe + SHA-256 of BMD stimulus_set file 0224.mp4	verified
225	train	BOLD Moments Dataset video 0225	BMD stimulus set, video 0225	https://boldmomentsdataset.csail.mit.edu/stimuli_metadata	third-party; not included	3	30	268	268	90	no	9fe0647ed81eaec41c2e7cec71fca7065eca146fdebe0b57fb9add71393ea50f	ffprobe + SHA-256 of BMD stimulus_set file 0225.mp4	verified
226	train	BOLD Moments Dataset video 0226	BMD stimulus set, video 0226	https://boldmomentsdataset.csail.mit.edu/stimuli_metadata	third-party; not included	3	30	268	268	90	no	f124234f66eaf89ce264eb9bee506c8e9a949e036bd5bffa33fca6eb165215a0	ffprobe + SHA-256 of BMD stimulus_set file 0226.mp4	verified
227	train	BOLD Moments Dataset video 0227	BMD stimulus set, video 0227	https://boldmomentsdataset.csail.mit.edu/stimuli_metadata	third-party; not included	3	30	268	268	90	no	0793786555abea6f368ebef840ce3347265baccd5606592c604c8d893d314918	ffprobe + SHA-256 of BMD stimulus_set file 0227.mp4	verified
228	train	BOLD Moments Dataset video 0228	BMD stimulus set, video 0228	https://boldmomentsdataset.csail.mit.edu/stimuli_metadata	third-party; not included	3.03	30	268	268	91	no	65dea1460cd045a45cfc0808af343e7ab22566f393e5077c8f1bf69a4e16fe51	ffprobe + SHA-256 of BMD stimulus_set file 0228.mp4	verified
229	train	BOLD Moments Dataset video 0229	BMD stimulus set, video 0229	https://boldmomentsdataset.csail.mit.edu/stimuli_metadata	third-party; not included	3.03	30	268	268	91	no	d3f6db2594815d860c3b8ca320bb46090b570e01fa487fc164176ea669bd8cde	ffprobe + SHA-256 of BMD stimulus_set file 0229.mp4	verified
230	train	BOLD Moments Dataset video 0230	BMD stimulus set, video 0230	https://boldmomentsdataset.csail.mit.edu/stimuli_metadata	third-party; not included	3	24	268	268	72	no	ef461a99d6878cfa9f7d11b8bd8b0742f483e5e60a244e913e937c11c5a4ce98	ffprobe + SHA-256 of BMD stimulus_set file 0230.mp4	verified
231	train	BOLD Moments Dataset video 0231	BMD stimulus set, video 0231	https://boldmomentsdataset.csail.mit.edu/stimuli_metadata	third-party; not included	3	30	268	268	90	no	1858559b7834dd7553f3235cbf298c5056412b2eb0c4cdc1aef937b112948101	ffprobe + SHA-256 of BMD stimulus_set file 0231.mp4	verified
232	train	BOLD Moments Dataset video 0232	BMD stimulus set, video 0232	https://boldmomentsdataset.csail.mit.edu/stimuli_metadata	third-party; not included	3.03	30	268	268	91	no	1dd40f165ed8b82d37cd68243bf35d6618a14f17912cb809f8c5d03d2333f623	ffprobe + SHA-256 of BMD stimulus_set file 0232.mp4	verified
233	train	BOLD Moments Dataset video 0233	BMD stimulus set, video 0233	https://boldmomentsdataset.csail.mit.edu/stimuli_metadata	third-party; not included	3	24	268	268	72	no	c697390cc00d61597314e398bd4402339459345e8d1fb0c91a3b07c72b50ca89	ffprobe + SHA-256 of BMD stimulus_set file 0233.mp4	verified
234	train	BOLD Moments Dataset video 0234	BMD stimulus set, video 0234	https://boldmomentsdataset.csail.mit.edu/stimuli_metadata	third-party; not included	3	25	268	268	75	no	f69f1c824ed0ad9ae9eebddf840640ea98b064a0fc90ec4ee2b9d03b8a8a3d65	ffprobe + SHA-256 of BMD stimulus_set file 0234.mp4	verified
235	train	BOLD Moments Dataset video 0235	BMD stimulus set, video 0235	https://boldmomentsdataset.csail.mit.edu/stimuli_metadata	third-party; not included	3.03	30	268	268	91	no	18b7ce399c53c355c18dfda292873f8228571d3d614b306a5439c46eb639ad49	ffprobe + SHA-256 of BMD stimulus_set file 0235.mp4	verified
236	train	BOLD Moments Dataset video 0236	BMD stimulus set, video 0236	https://boldmomentsdataset.csail.mit.edu/stimuli_metadata	third-party; not included	3	30	268	268	90	no	d0101b33e55d70abd615eb1586cfb794629f5ebb3470148196c04ce2b693a6d3	ffprobe + SHA-256 of BMD stimulus_set file 0236.mp4	verified
237	train	BOLD Moments Dataset video 0237	BMD stimulus set, video 0237	https://boldmomentsdataset.csail.mit.edu/stimuli_metadata	third-party; not included	3	30	268	268	90	no	0c3aac0d1c1be1df96e13f7ad9e034f99c3dd54f8748660af60c702d2f5f36cc	ffprobe + SHA-256 of BMD stimulus_set file 0237.mp4	verified
238	train	BOLD Moments Dataset video 0238	BMD stimulus set, video 0238	https://boldmomentsdataset.csail.mit.edu/stimuli_metadata	third-party; not included	3	30	268	268	90	no	2fc917c872ceaf6693ca93454b07f59a60e28030a365ce40553e1a12914617fb	ffprobe + SHA-256 of BMD stimulus_set file 0238.mp4	verified
239	train	BOLD Moments Dataset video 0239	BMD stimulus set, video 0239	https://boldmomentsdataset.csail.mit.edu/stimuli_metadata	third-party; not included	3	30	268	268	90	no	ab73aacbedf40774e8e9904654a83a6bc338b91560d049e0c6d8e603ea74e186	ffprobe + SHA-256 of BMD stimulus_set file 0239.mp4	verified
240	train	BOLD Moments Dataset video 0240	BMD stimulus set, video 0240	https://boldmomentsdataset.csail.mit.edu/stimuli_metadata	third-party; not included	3.03	30	268	268	91	no	ecc62427601143f240959ab332c10be77e3767c1ea77d892a44ea95344e1668c	ffprobe + SHA-256 of BMD stimulus_set file 0240.mp4	verified
241	train	BOLD Moments Dataset video 0241	BMD stimulus set, video 0241	https://boldmomentsdataset.csail.mit.edu/stimuli_metadata	third-party; not included	3	30	268	268	90	no	8d3563c2238302dd40a6ff7b6bb7076bd095653145bfdf558a33a6fb0335d3e0	ffprobe + SHA-256 of BMD stimulus_set file 0241.mp4	verified
242	train	BOLD Moments Dataset video 0242	BMD stimulus set, video 0242	https://boldmomentsdataset.csail.mit.edu/stimuli_metadata	third-party; not included	3	30	268	268	90	no	d7f3497119cbe261c4a230bc29ddcac7b0fab78486491c3b057b8ec39e53bf33	ffprobe + SHA-256 of BMD stimulus_set file 0242.mp4	verified
243	train	BOLD Moments Dataset video 0243	BMD stimulus set, video 0243	https://boldmomentsdataset.csail.mit.edu/stimuli_metadata	third-party; not included	3	30	268	268	90	no	4544eb594ce001c19845820e89292ecfbbba32e0ee775ae08f59e3b64bae6da8	ffprobe + SHA-256 of BMD stimulus_set file 0243.mp4	verified
244	train	BOLD Moments Dataset video 0244	BMD stimulus set, video 0244	https://boldmomentsdataset.csail.mit.edu/stimuli_metadata	third-party; not included	3	30	268	268	90	no	97c616bd77e9dad154be04e817e188fd90b9871f5c00b87d14d17f5fab10a522	ffprobe + SHA-256 of BMD stimulus_set file 0244.mp4	verified
245	train	BOLD Moments Dataset video 0245	BMD stimulus set, video 0245	https://boldmomentsdataset.csail.mit.edu/stimuli_metadata	third-party; not included	3.03	30	268	268	91	no	09ee7025f2aab565768c4d459eed71cc2189af997852ec20c6dbb88ce0d6ce27	ffprobe + SHA-256 of BMD stimulus_set file 0245.mp4	verified
246	train	BOLD Moments Dataset video 0246	BMD stimulus set, video 0246	https://boldmomentsdataset.csail.mit.edu/stimuli_metadata	third-party; not included	3	30	268	268	90	no	e5e15475556c546a719bbb6d3dc8ade00b2338aacd31eda445b3fe507efeda15	ffprobe + SHA-256 of BMD stimulus_set file 0246.mp4	verified
247	train	BOLD Moments Dataset video 0247	BMD stimulus set, video 0247	https://boldmomentsdataset.csail.mit.edu/stimuli_metadata	third-party; not included	3.03	30	268	268	91	no	e9fa591c7efd87ccf710cf752190c43287667a75735c0d5b26820f3ad06d2af5	ffprobe + SHA-256 of BMD stimulus_set file 0247.mp4	verified
248	train	BOLD Moments Dataset video 0248	BMD stimulus set, video 0248	https://boldmomentsdataset.csail.mit.edu/stimuli_metadata	third-party; not included	3	30	268	268	90	no	6e0469f2505f00a26469878196f0bed54b0db429ab91b78a6284624c03840836	ffprobe + SHA-256 of BMD stimulus_set file 0248.mp4	verified
249	train	BOLD Moments Dataset video 0249	BMD stimulus set, video 0249	https://boldmomentsdataset.csail.mit.edu/stimuli_metadata	third-party; not included	3.03	30	268	268	91	no	3d73c4248f1b8cdd11f79c0984a26d8087ae86a01754188b174e4bb2959d5e40	ffprobe + SHA-256 of BMD stimulus_set file 0249.mp4	verified
250	train	BOLD Moments Dataset video 0250	BMD stimulus set, video 0250	https://boldmomentsdataset.csail.mit.edu/stimuli_metadata	third-party; not included	3	30	268	268	90	no	099c382de8712cfdba1cf02678e6ffb60192ebfa957eef6e0a79b8e099d3a89e	ffprobe + SHA-256 of BMD stimulus_set file 0250.mp4	verified
251	train	BOLD Moments Dataset video 0251	BMD stimulus set, video 0251	https://boldmomentsdataset.csail.mit.edu/stimuli_metadata	third-party; not included	3.03	30	268	268	91	no	d8b588720c25381e27bdaa0d98ba7be12404d14fedb3172fd8c136fe3e95e7df	ffprobe + SHA-256 of BMD stimulus_set file 0251.mp4	verified
252	train	BOLD Moments Dataset video 0252	BMD stimulus set, video 0252	https://boldmomentsdataset.csail.mit.edu/stimuli_metadata	third-party; not included	3	30	268	268	90	no	f1b75d8f195346b5259fa3cf1c43cf6c2e17b60c002cfcec227bce7db2daaa07	ffprobe + SHA-256 of BMD stimulus_set file 0252.mp4	verified
253	train	BOLD Moments Dataset video 0253	BMD stimulus set, video 0253	https://boldmomentsdataset.csail.mit.edu/stimuli_metadata	third-party; not included	3	30	268	268	90	no	90452bb2ea2d5548149a7b2521dc995d01724d7f0e1dc424af81598038942ed5	ffprobe + SHA-256 of BMD stimulus_set file 0253.mp4	verified
254	train	BOLD Moments Dataset video 0254	BMD stimulus set, video 0254	https://boldmomentsdataset.csail.mit.edu/stimuli_metadata	third-party; not included	3	30	268	268	90	no	865e4f1da584ecc1c6b4ae7908a3329d23956da9452f0e329a0b1bb89a49bb8c	ffprobe + SHA-256 of BMD stimulus_set file 0254.mp4	verified
255	train	BOLD Moments Dataset video 0255	BMD stimulus set, video 0255	https://boldmomentsdataset.csail.mit.edu/stimuli_metadata	third-party; not included	3	30	268	268	90	no	92d21e0cf4c8f3b4b3afd09a39f56b603311bc169eda0396dd97f32c9fd869f6	ffprobe + SHA-256 of BMD stimulus_set file 0255.mp4	verified
256	train	BOLD Moments Dataset video 0256	BMD stimulus set, video 0256	https://boldmomentsdataset.csail.mit.edu/stimuli_metadata	third-party; not included	3	30	268	268	90	no	7cd378c7a51c1ca4c2a01d1990f9fdd8d23f1328b24e142ef7dc0df3263b0d50	ffprobe + SHA-256 of BMD stimulus_set file 0256.mp4	verified
257	train	BOLD Moments Dataset video 0257	BMD stimulus set, video 0257	https://boldmomentsdataset.csail.mit.edu/stimuli_metadata	third-party; not included	3.03	30	268	268	91	no	034e9c1afa4d926d17c7ed5036dbb202b49c9c6eab3b0022487f3f17fb4467f6	ffprobe + SHA-256 of BMD stimulus_set file 0257.mp4	verified
258	train	BOLD Moments Dataset video 0258	BMD stimulus set, video 0258	https://boldmomentsdataset.csail.mit.edu/stimuli_metadata	third-party; not included	3	30	268	268	90	no	4f1d22aa7b3154e43df8a22147aa7862d3d92d85b29e6fa3b0bc3dc9e8022832	ffprobe + SHA-256 of BMD stimulus_set file 0258.mp4	verified
259	train	BOLD Moments Dataset video 0259	BMD stimulus set, video 0259	https://boldmomentsdataset.csail.mit.edu/stimuli_metadata	third-party; not included	3	30	268	268	90	no	2942e528b3951f8684184d00ee24843ef40bc14c69d044e3799a05c5f62dbd41	ffprobe + SHA-256 of BMD stimulus_set file 0259.mp4	verified
260	train	BOLD Moments Dataset video 0260	BMD stimulus set, video 0260	https://boldmomentsdataset.csail.mit.edu/stimuli_metadata	third-party; not included	3	30	268	268	90	no	391149ab81395a058acf87c73f16a5060eedf917ce4545c9d250fdbbdb6e6841	ffprobe + SHA-256 of BMD stimulus_set file 0260.mp4	verified
261	train	BOLD Moments Dataset video 0261	BMD stimulus set, video 0261	https://boldmomentsdataset.csail.mit.edu/stimuli_metadata	third-party; not included	3	30	268	268	90	no	108e6c4ecc45fc264d77ca23d844893fb33ee832ab2cd19aa5d680d8c25f9821	ffprobe + SHA-256 of BMD stimulus_set file 0261.mp4	verified
262	train	BOLD Moments Dataset video 0262	BMD stimulus set, video 0262	https://boldmomentsdataset.csail.mit.edu/stimuli_metadata	third-party; not included	3	30	268	268	90	no	184212116d25f7378492b70aab22cc67af03e0b7fc8f8c8b8e9e3993f916d93c	ffprobe + SHA-256 of BMD stimulus_set file 0262.mp4	verified
263	train	BOLD Moments Dataset video 0263	BMD stimulus set, video 0263	https://boldmomentsdataset.csail.mit.edu/stimuli_metadata	third-party; not included	3	30	268	268	90	no	8489280677dc0b1ca04be16d70a52fcec7035226dab6e4e5b79ebf1cc2179979	ffprobe + SHA-256 of BMD stimulus_set file 0263.mp4	verified
264	train	BOLD Moments Dataset video 0264	BMD stimulus set, video 0264	https://boldmomentsdataset.csail.mit.edu/stimuli_metadata	third-party; not included	3	30	268	268	90	no	c16577715555ce1197187d261a7af46371b4a0476e68a161f1ef31f1c0f7a3b5	ffprobe + SHA-256 of BMD stimulus_set file 0264.mp4	verified
265	train	BOLD Moments Dataset video 0265	BMD stimulus set, video 0265	https://boldmomentsdataset.csail.mit.edu/stimuli_metadata	third-party; not included	3	30	268	268	90	no	2ad0318239ed04d3b32e643ed48a64d2fa6b7603d129de361087fa1a475dcc9d	ffprobe + SHA-256 of BMD stimulus_set file 0265.mp4	verified
266	train	BOLD Moments Dataset video 0266	BMD stimulus set, video 0266	https://boldmomentsdataset.csail.mit.edu/stimuli_metadata	third-party; not included	3	30	268	268	90	no	d53fd4a312b91812b8e872f7fe613a72ed79715d353e354ea821c54c353a60b3	ffprobe + SHA-256 of BMD stimulus_set file 0266.mp4	verified
267	train	BOLD Moments Dataset video 0267	BMD stimulus set, video 0267	https://boldmomentsdataset.csail.mit.edu/stimuli_metadata	third-party; not included	3	15	268	268	45	no	24581751d0dd6e66614f3731af10fbdc3731821706b0e8feb8ada4c20e4be72c	ffprobe + SHA-256 of BMD stimulus_set file 0267.mp4	verified
268	train	BOLD Moments Dataset video 0268	BMD stimulus set, video 0268	https://boldmomentsdataset.csail.mit.edu/stimuli_metadata	third-party; not included	3	30	268	268	90	no	37a907c27f236a74c4af848b4a81649049acbae6cfe501f66f3a778934619083	ffprobe + SHA-256 of BMD stimulus_set file 0268.mp4	verified
269	train	BOLD Moments Dataset video 0269	BMD stimulus set, video 0269	https://boldmomentsdataset.csail.mit.edu/stimuli_metadata	third-party; not included	3	30	268	268	90	no	9662a2967b5886193136b78fc3fe76c619947e6dfe5309be7b575504198ab893	ffprobe + SHA-256 of BMD stimulus_set file 0269.mp4	verified
270	train	BOLD Moments Dataset video 0270	BMD stimulus set, video 0270	https://boldmomentsdataset.csail.mit.edu/stimuli_metadata	third-party; not included	3	30	268	268	90	no	e24b52fb1ed4a2c1aa6d0581db71172b47b355addd51a8657707bc542095fec8	ffprobe + SHA-256 of BMD stimulus_set file 0270.mp4	verified
271	train	BOLD Moments Dataset video 0271	BMD stimulus set, video 0271	https://boldmomentsdataset.csail.mit.edu/stimuli_metadata	third-party; not included	3	30	268	268	90	no	085d697b69138bf475f195725087a93b54903c296bad868fb7a4a068d4438397	ffprobe + SHA-256 of BMD stimulus_set file 0271.mp4	verified
272	train	BOLD Moments Dataset video 0272	BMD stimulus set, video 0272	https://boldmomentsdataset.csail.mit.edu/stimuli_metadata	third-party; not included	3	20	268	268	60	no	837e0696bdef567b306fd0254c861a686956a181a10d60ef46e1e75dd73d77ff	ffprobe + SHA-256 of BMD stimulus_set file 0272.mp4	verified
273	train	BOLD Moments Dataset video 0273	BMD stimulus set, video 0273	https://boldmomentsdataset.csail.mit.edu/stimuli_metadata	third-party; not included	3.03	30	268	268	91	no	ff0acf949258e78ca15f279f72aadab2fac59e25be24d5851927b198bded93f4	ffprobe + SHA-256 of BMD stimulus_set file 0273.mp4	verified
274	train	BOLD Moments Dataset video 0274	BMD stimulus set, video 0274	https://boldmomentsdataset.csail.mit.edu/stimuli_metadata	third-party; not included	3	30	268	268	90	no	6b3253b35e0f8d3478e32c373503d8ea5523f8cdec5980ebfdc8995ad838b5f1	ffprobe + SHA-256 of BMD stimulus_set file 0274.mp4	verified
275	train	BOLD Moments Dataset video 0275	BMD stimulus set, video 0275	https://boldmomentsdataset.csail.mit.edu/stimuli_metadata	third-party; not included	3	30	268	268	90	no	c1a0faee74b7593c2a42a24dcc4c7a2cd07b430c7fa1d387bc28333150a22269	ffprobe + SHA-256 of BMD stimulus_set file 0275.mp4	verified
276	train	BOLD Moments Dataset video 0276	BMD stimulus set, video 0276	https://boldmomentsdataset.csail.mit.edu/stimuli_metadata	third-party; not included	3	30	268	268	90	no	a6ce526fac80c3adba4b9a2aaf4a3fe6e9906f35aace17c7ead43e7a12a130a1	ffprobe + SHA-256 of BMD stimulus_set file 0276.mp4	verified
277	train	BOLD Moments Dataset video 0277	BMD stimulus set, video 0277	https://boldmomentsdataset.csail.mit.edu/stimuli_metadata	third-party; not included	3	30	268	268	90	no	05f3c9e0bf6a6c99737bf9abd035f80f08f0b2225a15a1890d70736e63f79b8e	ffprobe + SHA-256 of BMD stimulus_set file 0277.mp4	verified
278	train	BOLD Moments Dataset video 0278	BMD stimulus set, video 0278	https://boldmomentsdataset.csail.mit.edu/stimuli_metadata	third-party; not included	3.07	30	268	268	92	no	c4a1399aa5d558a74c3b17c50ab3ef5824ff1a0f1cd85d80f45ef5e6ecb67045	ffprobe + SHA-256 of BMD stimulus_set file 0278.mp4	verified
279	train	BOLD Moments Dataset video 0279	BMD stimulus set, video 0279	https://boldmomentsdataset.csail.mit.edu/stimuli_metadata	third-party; not included	3	25	268	268	75	no	0dab4de4ea385d62c706a1ff4798c78755949c746c99df3ab987d95c790eabbd	ffprobe + SHA-256 of BMD stimulus_set file 0279.mp4	verified
280	train	BOLD Moments Dataset video 0280	BMD stimulus set, video 0280	https://boldmomentsdataset.csail.mit.edu/stimuli_metadata	third-party; not included	3	15	268	268	45	no	f70044d1c9eff159699e273c31e0259384a0fe517e2e81cb034e94c7df50e142	ffprobe + SHA-256 of BMD stimulus_set file 0280.mp4	verified
281	train	BOLD Moments Dataset video 0281	BMD stimulus set, video 0281	https://boldmomentsdataset.csail.mit.edu/stimuli_metadata	third-party; not included	3	15	268	268	45	no	d11fa5b41ece8c9dfa5c5e2d5a3f8a9a59191562ca10e6310450450fa06a7666	ffprobe + SHA-256 of BMD stimulus_set file 0281.mp4	verified
282	train	BOLD Moments Dataset video 0282	BMD stimulus set, video 0282	https://boldmomentsdataset.csail.mit.edu/stimuli_metadata	third-party; not included	3.03	30	268	268	91	no	c3efda8eb815e0db81a1cc18d2b22607900a37cfbc2356760928284984712f7b	ffprobe + SHA-256 of BMD stimulus_set file 0282.mp4	verified
283	train	BOLD Moments Dataset video 0283	BMD stimulus set, video 0283	https://boldmomentsdataset.csail.mit.edu/stimuli_metadata	third-party; not included	3	30	268	268	90	no	5783dc30c7d4e768c521d6ff496ea7ec2b505515b917aa6bcbf3b31eb5ca96e3	ffprobe + SHA-256 of BMD stimulus_set file 0283.mp4	verified
284	train	BOLD Moments Dataset video 0284	BMD stimulus set, video 0284	https://boldmomentsdataset.csail.mit.edu/stimuli_metadata	third-party; not included	3.03	30	268	268	91	no	8508477ebedc175f9868128991185acf256b15207bc6692f15b78b50276b264f	ffprobe + SHA-256 of BMD stimulus_set file 0284.mp4	verified
285	train	BOLD Moments Dataset video 0285	BMD stimulus set, video 0285	https://boldmomentsdataset.csail.mit.edu/stimuli_metadata	third-party; not included	3	30	268	268	90	no	5e9bdb00c10c740528df08a7f5855af7894e4c27e5055bd11b215ad5ce41ba34	ffprobe + SHA-256 of BMD stimulus_set file 0285.mp4	verified
286	train	BOLD Moments Dataset video 0286	BMD stimulus set, video 0286	https://boldmomentsdataset.csail.mit.edu/stimuli_metadata	third-party; not included	3	30	268	268	90	no	e2210df9ea02336ca80e24a49846d0b424fe3efcc76b7c92a7d798f8f9b4d279	ffprobe + SHA-256 of BMD stimulus_set file 0286.mp4	verified
287	train	BOLD Moments Dataset video 0287	BMD stimulus set, video 0287	https://boldmomentsdataset.csail.mit.edu/stimuli_metadata	third-party; not included	3	30	268	268	90	no	364ca393e2df9e3e656820f526769c6f04bafeda629c886ee28d367e19a37cd0	ffprobe + SHA-256 of BMD stimulus_set file 0287.mp4	verified
288	train	BOLD Moments Dataset video 0288	BMD stimulus set, video 0288	https://boldmomentsdataset.csail.mit.edu/stimuli_metadata	third-party; not included	3	30	268	268	90	no	99fe1915954eec5172a80b84f2cd81287864f09a1a9e8960b58d8b1b04005f9d	ffprobe + SHA-256 of BMD stimulus_set file 0288.mp4	verified
289	train	BOLD Moments Dataset video 0289	BMD stimulus set, video 0289	https://boldmomentsdataset.csail.mit.edu/stimuli_metadata	third-party; not included	3.03	30	268	268	91	no	1a66ec18f3d2b207992cbbb7ab0f593b7f0af00e036a138381eeb7b140526470	ffprobe + SHA-256 of BMD stimulus_set file 0289.mp4	verified
290	train	BOLD Moments Dataset video 0290	BMD stimulus set, video 0290	https://boldmomentsdataset.csail.mit.edu/stimuli_metadata	third-party; not included	3	15	268	268	45	no	d28df073eb622f6d9acc9ec58e8edcefab3490eeaaa4edbe138385cb430e13df	ffprobe + SHA-256 of BMD stimulus_set file 0290.mp4	verified
291	train	BOLD Moments Dataset video 0291	BMD stimulus set, video 0291	https://boldmomentsdataset.csail.mit.edu/stimuli_metadata	third-party; not included	3	30	268	268	90	no	70c3de4a084e6a00e5cb68cda642b1b131df0d0bddad337cb517c5636925bf96	ffprobe + SHA-256 of BMD stimulus_set file 0291.mp4	verified
292	train	BOLD Moments Dataset video 0292	BMD stimulus set, video 0292	https://boldmomentsdataset.csail.mit.edu/stimuli_metadata	third-party; not included	3	30	268	268	90	no	d5e81078898a076fb371756c27e246f84105c1cdf98b461bbb5f579bf2d044d0	ffprobe + SHA-256 of BMD stimulus_set file 0292.mp4	verified
293	train	BOLD Moments Dataset video 0293	BMD stimulus set, video 0293	https://boldmomentsdataset.csail.mit.edu/stimuli_metadata	third-party; not included	3	30	268	268	90	no	49e9348c69fba428b47dd0903ca242af7197f58af2749132b19d4de3ce37f05f	ffprobe + SHA-256 of BMD stimulus_set file 0293.mp4	verified
294	train	BOLD Moments Dataset video 0294	BMD stimulus set, video 0294	https://boldmomentsdataset.csail.mit.edu/stimuli_metadata	third-party; not included	3.03	30	268	268	91	no	4209432fbc1fe6bf4715a32124f2f3a81cb2945369a6e07cf88f334d8935d7e7	ffprobe + SHA-256 of BMD stimulus_set file 0294.mp4	verified
295	train	BOLD Moments Dataset video 0295	BMD stimulus set, video 0295	https://boldmomentsdataset.csail.mit.edu/stimuli_metadata	third-party; not included	3	30	268	268	90	no	5bab385a13daaaa761601ef67f358fe5b08e44fc1a44ac3f6936e58672933eb4	ffprobe + SHA-256 of BMD stimulus_set file 0295.mp4	verified
296	train	BOLD Moments Dataset video 0296	BMD stimulus set, video 0296	https://boldmomentsdataset.csail.mit.edu/stimuli_metadata	third-party; not included	3	30	268	268	90	no	44847eb40aedfc7e8658e4b590c8b115b2349807e7521fbb4704bbe9bfa148bf	ffprobe + SHA-256 of BMD stimulus_set file 0296.mp4	verified
297	train	BOLD Moments Dataset video 0297	BMD stimulus set, video 0297	https://boldmomentsdataset.csail.mit.edu/stimuli_metadata	third-party; not included	3	30	268	268	90	no	a2a70b1413010550dd572f0d2b90816f2944a14cdfb21141dbe8ef3106411a65	ffprobe + SHA-256 of BMD stimulus_set file 0297.mp4	verified
298	train	BOLD Moments Dataset video 0298	BMD stimulus set, video 0298	https://boldmomentsdataset.csail.mit.edu/stimuli_metadata	third-party; not included	3	30	268	268	90	no	0b4837b2b2d0fe6a8692c1e1240e5dafb5e13ade6b824db44f6303e191f7191a	ffprobe + SHA-256 of BMD stimulus_set file 0298.mp4	verified
299	train	BOLD Moments Dataset video 0299	BMD stimulus set, video 0299	https://boldmomentsdataset.csail.mit.edu/stimuli_metadata	third-party; not included	3	24	268	268	72	no	efcbea12a257e7ddff7db905115454b14e10af861b82936077ec8c2e4ae2f6f1	ffprobe + SHA-256 of BMD stimulus_set file 0299.mp4	verified
300	train	BOLD Moments Dataset video 0300	BMD stimulus set, video 0300	https://boldmomentsdataset.csail.mit.edu/stimuli_metadata	third-party; not included	3	25	268	268	75	no	93e4345a8c9b7ae993c33cd3b1f1790052a3cb787fb46f191907f07e2ba1753e	ffprobe + SHA-256 of BMD stimulus_set file 0300.mp4	verified
301	train	BOLD Moments Dataset video 0301	BMD stimulus set, video 0301	https://boldmomentsdataset.csail.mit.edu/stimuli_metadata	third-party; not included	3.03	30	268	268	91	no	9389b9aee6f55f045ffcbb4a03b7ca2f25f26304a664e30a5855b94b80058887	ffprobe + SHA-256 of BMD stimulus_set file 0301.mp4	verified
302	train	BOLD Moments Dataset video 0302	BMD stimulus set, video 0302	https://boldmomentsdataset.csail.mit.edu/stimuli_metadata	third-party; not included	3	24	268	268	72	no	c0e8436e5cd6e8037da461ade42aa748daabccac486a40de56d9f608a297bea4	ffprobe + SHA-256 of BMD stimulus_set file 0302.mp4	verified
303	train	BOLD Moments Dataset video 0303	BMD stimulus set, video 0303	https://boldmomentsdataset.csail.mit.edu/stimuli_metadata	third-party; not included	3.11	19	268	268	59	no	f13a3f65d36e0b1f31226dea024999452bcb92137740ce47014a6904a51d344b	ffprobe + SHA-256 of BMD stimulus_set file 0303.mp4	verified
304	train	BOLD Moments Dataset video 0304	BMD stimulus set, video 0304	https://boldmomentsdataset.csail.mit.edu/stimuli_metadata	third-party; not included	3	30	268	268	90	no	d55c6936f41c668af72ce6febf8413ff393dbaec830b20bb25778e41f82abe55	ffprobe + SHA-256 of BMD stimulus_set file 0304.mp4	verified
305	train	BOLD Moments Dataset video 0305	BMD stimulus set, video 0305	https://boldmomentsdataset.csail.mit.edu/stimuli_metadata	third-party; not included	3	30	268	268	90	no	f47d092a81938b277d9249fc861174d802d77c107c7ccaef665d66932386bfe6	ffprobe + SHA-256 of BMD stimulus_set file 0305.mp4	verified
306	train	BOLD Moments Dataset video 0306	BMD stimulus set, video 0306	https://boldmomentsdataset.csail.mit.edu/stimuli_metadata	third-party; not included	3	24	268	268	72	no	39c33736614185eefebb5a85648d978a829acb59afdf7217b758d36a78e59f34	ffprobe + SHA-256 of BMD stimulus_set file 0306.mp4	verified
307	train	BOLD Moments Dataset video 0307	BMD stimulus set, video 0307	https://boldmomentsdataset.csail.mit.edu/stimuli_metadata	third-party; not included	3	30	268	268	90	no	0874e169397d073d75b43be1c709b2f11f0e521361c02211b230a5b42b55c6bd	ffprobe + SHA-256 of BMD stimulus_set file 0307.mp4	verified
308	train	BOLD Moments Dataset video 0308	BMD stimulus set, video 0308	https://boldmomentsdataset.csail.mit.edu/stimuli_metadata	third-party; not included	3	30	268	268	90	no	f1ecdd89273c91e25e3e7cabb904bee216fde9ec9ed036233a23ccd3fcbcd9c5	ffprobe + SHA-256 of BMD stimulus_set file 0308.mp4	verified
309	train	BOLD Moments Dataset video 0309	BMD stimulus set, video 0309	https://boldmomentsdataset.csail.mit.edu/stimuli_metadata	third-party; not included	3	30	268	268	90	no	6eb2a4bad152a96f76d1c202c013f8a3fd3233d4d81fd2b21ed97595ebcace98	ffprobe + SHA-256 of BMD stimulus_set file 0309.mp4	verified
310	train	BOLD Moments Dataset video 0310	BMD stimulus set, video 0310	https://boldmomentsdataset.csail.mit.edu/stimuli_metadata	third-party; not included	3	30	268	268	90	no	8456d2ea84918f1f72cb6a7e8ceaf3d486088f8541344d076b99d17356e73d83	ffprobe + SHA-256 of BMD stimulus_set file 0310.mp4	verified
311	train	BOLD Moments Dataset video 0311	BMD stimulus set, video 0311	https://boldmomentsdataset.csail.mit.edu/stimuli_metadata	third-party; not included	3	30	268	268	90	no	add1c1ffe784c42bda0296f3622192043e5bb36cb4ed05160358997e393fa78c	ffprobe + SHA-256 of BMD stimulus_set file 0311.mp4	verified
312	train	BOLD Moments Dataset video 0312	BMD stimulus set, video 0312	https://boldmomentsdataset.csail.mit.edu/stimuli_metadata	third-party; not included	3	30	268	268	90	no	328b556bacee0d2e04e1a95558956c938b59fc21dd35ded45a520d0cb0e209c8	ffprobe + SHA-256 of BMD stimulus_set file 0312.mp4	verified
313	train	BOLD Moments Dataset video 0313	BMD stimulus set, video 0313	https://boldmomentsdataset.csail.mit.edu/stimuli_metadata	third-party; not included	3	30	268	268	90	no	484d4f6276bfdbe41d983fddaf5b5ce45f2ae8b6592bbb95285f26ed064b5b77	ffprobe + SHA-256 of BMD stimulus_set file 0313.mp4	verified
314	train	BOLD Moments Dataset video 0314	BMD stimulus set, video 0314	https://boldmomentsdataset.csail.mit.edu/stimuli_metadata	third-party; not included	3	30	268	268	90	no	2db39f31a59716cc9ce1a779d80f183f0e28303f685154d9403fe81a2834696f	ffprobe + SHA-256 of BMD stimulus_set file 0314.mp4	verified
315	train	BOLD Moments Dataset video 0315	BMD stimulus set, video 0315	https://boldmomentsdataset.csail.mit.edu/stimuli_metadata	third-party; not included	3	30	268	268	90	no	80a197d06fe1fee2ab64518cb7a8827f674afc318d4956146f094db0cb6768d0	ffprobe + SHA-256 of BMD stimulus_set file 0315.mp4	verified
316	train	BOLD Moments Dataset video 0316	BMD stimulus set, video 0316	https://boldmomentsdataset.csail.mit.edu/stimuli_metadata	third-party; not included	3.04	25	268	268	76	no	86c6f10014c1839bddf89ef19cd7693cab13377125ee1dc934aaa539fe90bb3f	ffprobe + SHA-256 of BMD stimulus_set file 0316.mp4	verified
317	train	BOLD Moments Dataset video 0317	BMD stimulus set, video 0317	https://boldmomentsdataset.csail.mit.edu/stimuli_metadata	third-party; not included	3	30	268	268	90	no	f18129c3d7d904a023ce9b2a761aa3e452278d28c123935b84b18869f74a62f8	ffprobe + SHA-256 of BMD stimulus_set file 0317.mp4	verified
318	train	BOLD Moments Dataset video 0318	BMD stimulus set, video 0318	https://boldmomentsdataset.csail.mit.edu/stimuli_metadata	third-party; not included	3	30	268	268	90	no	6907cc55112891fb09fa1691b67f35fd9f0691b515af2fcf996a6995a8db11ff	ffprobe + SHA-256 of BMD stimulus_set file 0318.mp4	verified
319	train	BOLD Moments Dataset video 0319	BMD stimulus set, video 0319	https://boldmomentsdataset.csail.mit.edu/stimuli_metadata	third-party; not included	3	30	268	268	90	no	e382a8330fa85697ad0f4aff4c9bef22b44c989a55542e79b8a989b9c6a226f6	ffprobe + SHA-256 of BMD stimulus_set file 0319.mp4	verified
320	train	BOLD Moments Dataset video 0320	BMD stimulus set, video 0320	https://boldmomentsdataset.csail.mit.edu/stimuli_metadata	third-party; not included	3	25	268	268	75	no	7cc702188713a901d5352c0cb2bf0643e845fe0c991c7e9f72da14c8c6c8ed0f	ffprobe + SHA-256 of BMD stimulus_set file 0320.mp4	verified
321	train	BOLD Moments Dataset video 0321	BMD stimulus set, video 0321	https://boldmomentsdataset.csail.mit.edu/stimuli_metadata	third-party; not included	3	30	268	268	90	no	6aafc4c1dda03d9e458078c0aae6f56bbfb4961c7a0834ab8bc20885f91a7a22	ffprobe + SHA-256 of BMD stimulus_set file 0321.mp4	verified
322	train	BOLD Moments Dataset video 0322	BMD stimulus set, video 0322	https://boldmomentsdataset.csail.mit.edu/stimuli_metadata	third-party; not included	3	30	268	268	90	no	8523ee325d3678f04e261a3ff93a671c33ace5386a2f6e3b91f538c3699255a9	ffprobe + SHA-256 of BMD stimulus_set file 0322.mp4	verified
323	train	BOLD Moments Dataset video 0323	BMD stimulus set, video 0323	https://boldmomentsdataset.csail.mit.edu/stimuli_metadata	third-party; not included	3	30	268	268	90	no	3f651211d303bc9fee2348d95e6dd95374047a0b9837e2752d4477c394d4c802	ffprobe + SHA-256 of BMD stimulus_set file 0323.mp4	verified
324	train	BOLD Moments Dataset video 0324	BMD stimulus set, video 0324	https://boldmomentsdataset.csail.mit.edu/stimuli_metadata	third-party; not included	3.04	24	268	268	73	no	6f4b52a03a68cda20159ae76b786d854f558b3cddc16b8fd7e224fcc22e14caa	ffprobe + SHA-256 of BMD stimulus_set file 0324.mp4	verified
325	train	BOLD Moments Dataset video 0325	BMD stimulus set, video 0325	https://boldmomentsdataset.csail.mit.edu/stimuli_metadata	third-party; not included	3	25	268	268	75	no	9ca649a198f588771d030f50fb6c8f37b97e25e19cc5f1145e9ae5d9cf143ee0	ffprobe + SHA-256 of BMD stimulus_set file 0325.mp4	verified
326	train	BOLD Moments Dataset video 0326	BMD stimulus set, video 0326	https://boldmomentsdataset.csail.mit.edu/stimuli_metadata	third-party; not included	3	30	268	268	90	no	ebb2d727b1ce10c2f32eb9ff7004dcf023cd1a12052b20491fc5bcf27c833cbb	ffprobe + SHA-256 of BMD stimulus_set file 0326.mp4	verified
327	train	BOLD Moments Dataset video 0327	BMD stimulus set, video 0327	https://boldmomentsdataset.csail.mit.edu/stimuli_metadata	third-party; not included	3	30	268	268	90	no	839af9b236ca25f9efbce5c51564d3b3b20bf32724fe2149ae24e37232260fa5	ffprobe + SHA-256 of BMD stimulus_set file 0327.mp4	verified
328	train	BOLD Moments Dataset video 0328	BMD stimulus set, video 0328	https://boldmomentsdataset.csail.mit.edu/stimuli_metadata	third-party; not included	3	30	268	268	90	no	5369f92f65b39849e987ba489f741bef9256ef97eb6df913dc5d81ae12a65535	ffprobe + SHA-256 of BMD stimulus_set file 0328.mp4	verified
329	train	BOLD Moments Dataset video 0329	BMD stimulus set, video 0329	https://boldmomentsdataset.csail.mit.edu/stimuli_metadata	third-party; not included	3	15	268	268	45	no	811b7102ab2691c65d4e2b27cf3df4a58b9768e5f8c49ac4390efed2008745aa	ffprobe + SHA-256 of BMD stimulus_set file 0329.mp4	verified
330	train	BOLD Moments Dataset video 0330	BMD stimulus set, video 0330	https://boldmomentsdataset.csail.mit.edu/stimuli_metadata	third-party; not included	3	30	268	268	90	no	8ea9051a70e563ac3d49de4ffa130e8c2e39e96abadf1a3e9a523839e270f7aa	ffprobe + SHA-256 of BMD stimulus_set file 0330.mp4	verified
331	train	BOLD Moments Dataset video 0331	BMD stimulus set, video 0331	https://boldmomentsdataset.csail.mit.edu/stimuli_metadata	third-party; not included	3	30	268	268	90	no	48e3a0d0001e0197bf5ce95f8c6411636d35145b1bc379f205eb4e15e783e8e4	ffprobe + SHA-256 of BMD stimulus_set file 0331.mp4	verified
332	train	BOLD Moments Dataset video 0332	BMD stimulus set, video 0332	https://boldmomentsdataset.csail.mit.edu/stimuli_metadata	third-party; not included	3	30	268	268	90	no	7872fd4ab213955338c4a9f19b17a3ac5d06cf020020f9e34eb9bcbd3dcf3b39	ffprobe + SHA-256 of BMD stimulus_set file 0332.mp4	verified
333	train	BOLD Moments Dataset video 0333	BMD stimulus set, video 0333	https://boldmomentsdataset.csail.mit.edu/stimuli_metadata	third-party; not included	3.03	30	268	268	91	no	44444e1fbb38367b2cef63c7434bb656159aa0bfb33444f2f1bf69469b6c4a3c	ffprobe + SHA-256 of BMD stimulus_set file 0333.mp4	verified
334	train	BOLD Moments Dataset video 0334	BMD stimulus set, video 0334	https://boldmomentsdataset.csail.mit.edu/stimuli_metadata	third-party; not included	3	30	268	268	90	no	15ca09bc3c2a52195c8dd0732a09f6fe399f2d4dedb05fb067ab325e4c9441e1	ffprobe + SHA-256 of BMD stimulus_set file 0334.mp4	verified
335	train	BOLD Moments Dataset video 0335	BMD stimulus set, video 0335	https://boldmomentsdataset.csail.mit.edu/stimuli_metadata	third-party; not included	3	25	268	268	75	no	89404feb39c77712393635b690c375f916f84065aff60ea1912230b399325193	ffprobe + SHA-256 of BMD stimulus_set file 0335.mp4	verified
336	train	BOLD Moments Dataset video 0336	BMD stimulus set, video 0336	https://boldmomentsdataset.csail.mit.edu/stimuli_metadata	third-party; not included	3	30	268	268	90	no	3d9408e426eefa1e091f96711c77a32832f23e3589c773929c2c5538cef7f38c	ffprobe + SHA-256 of BMD stimulus_set file 0336.mp4	verified
337	train	BOLD Moments Dataset video 0337	BMD stimulus set, video 0337	https://boldmomentsdataset.csail.mit.edu/stimuli_metadata	third-party; not included	3	30	268	268	90	no	e9bd90d4966693f97ffa97f920b312d0634f3b863be7a203dfb5fd37dbf73839	ffprobe + SHA-256 of BMD stimulus_set file 0337.mp4	verified
338	train	BOLD Moments Dataset video 0338	BMD stimulus set, video 0338	https://boldmomentsdataset.csail.mit.edu/stimuli_metadata	third-party; not included	3	30	268	268	90	no	917d587adaca3db046e49021f5df20b610d06d7dc405f53414da026646c20703	ffprobe + SHA-256 of BMD stimulus_set file 0338.mp4	verified
339	train	BOLD Moments Dataset video 0339	BMD stimulus set, video 0339	https://boldmomentsdataset.csail.mit.edu/stimuli_metadata	third-party; not included	3	24	268	268	72	no	ec2ca140f11c06505c8536955f3bea963f88a9f8e00c20434f747f763b133e2d	ffprobe + SHA-256 of BMD stimulus_set file 0339.mp4	verified
340	train	BOLD Moments Dataset video 0340	BMD stimulus set, video 0340	https://boldmomentsdataset.csail.mit.edu/stimuli_metadata	third-party; not included	3	30	268	268	90	no	f908f1f9a63fb96ea4a8407fd3feec7312e5b72ff5e3e233b1c78888e62de013	ffprobe + SHA-256 of BMD stimulus_set file 0340.mp4	verified
341	train	BOLD Moments Dataset video 0341	BMD stimulus set, video 0341	https://boldmomentsdataset.csail.mit.edu/stimuli_metadata	third-party; not included	3.03	30	268	268	91	no	163cc94a649be275f3654ba60fd82e8488e839266122d40d0258f4bb35c6ac0c	ffprobe + SHA-256 of BMD stimulus_set file 0341.mp4	verified
342	train	BOLD Moments Dataset video 0342	BMD stimulus set, video 0342	https://boldmomentsdataset.csail.mit.edu/stimuli_metadata	third-party; not included	3	30	268	268	90	no	411785946806e80b274a6d87993cab029c2f78d99efe15673c0002401053a47e	ffprobe + SHA-256 of BMD stimulus_set file 0342.mp4	verified
343	train	BOLD Moments Dataset video 0343	BMD stimulus set, video 0343	https://boldmomentsdataset.csail.mit.edu/stimuli_metadata	third-party; not included	3	15	268	268	45	no	6949fa3846521b897c37f347d3f09532dda84a78532850aff15f8ce73e9db950	ffprobe + SHA-256 of BMD stimulus_set file 0343.mp4	verified
344	train	BOLD Moments Dataset video 0344	BMD stimulus set, video 0344	https://boldmomentsdataset.csail.mit.edu/stimuli_metadata	third-party; not included	3	30	268	268	90	no	b8b63f6e6de001e1226a263932b527f42ef72177833874cb3ffdf7d780ef9814	ffprobe + SHA-256 of BMD stimulus_set file 0344.mp4	verified
345	train	BOLD Moments Dataset video 0345	BMD stimulus set, video 0345	https://boldmomentsdataset.csail.mit.edu/stimuli_metadata	third-party; not included	3	30	268	268	90	no	aa7a4eac364eabd1aef25f05830e25633e741a5cb3c8dd1fba955ed2eeeb3457	ffprobe + SHA-256 of BMD stimulus_set file 0345.mp4	verified
346	train	BOLD Moments Dataset video 0346	BMD stimulus set, video 0346	https://boldmomentsdataset.csail.mit.edu/stimuli_metadata	third-party; not included	3	30	268	268	90	no	f9119a15daf8b55c47606a5e57aeee0a19b41d1fac1e934e1b69a0fd02f57e83	ffprobe + SHA-256 of BMD stimulus_set file 0346.mp4	verified
347	train	BOLD Moments Dataset video 0347	BMD stimulus set, video 0347	https://boldmomentsdataset.csail.mit.edu/stimuli_metadata	third-party; not included	3	25	268	268	75	no	8da328c26650bd4fd76a7b00574d05121e830abacd5026fd653956f9674c5d48	ffprobe + SHA-256 of BMD stimulus_set file 0347.mp4	verified
348	train	BOLD Moments Dataset video 0348	BMD stimulus set, video 0348	https://boldmomentsdataset.csail.mit.edu/stimuli_metadata	third-party; not included	3	30	268	268	90	no	f4235e24a08ad03ce00f7fa97585acd4b1b0e7a2d35ea6316ecb737714bc622a	ffprobe + SHA-256 of BMD stimulus_set file 0348.mp4	verified
349	train	BOLD Moments Dataset video 0349	BMD stimulus set, video 0349	https://boldmomentsdataset.csail.mit.edu/stimuli_metadata	third-party; not included	3	30	268	268	90	no	748c72588557494b268b41509688cb688bdf60587e5caca22a5e1276a2b4bcd5	ffprobe + SHA-256 of BMD stimulus_set file 0349.mp4	verified
350	train	BOLD Moments Dataset video 0350	BMD stimulus set, video 0350	https://boldmomentsdataset.csail.mit.edu/stimuli_metadata	third-party; not included	3	30	268	268	90	no	8f314a7b747b1398bb07c7fa18b45ffd040ade1c1d49bfc280f8fd55159fae4b	ffprobe + SHA-256 of BMD stimulus_set file 0350.mp4	verified
351	train	BOLD Moments Dataset video 0351	BMD stimulus set, video 0351	https://boldmomentsdataset.csail.mit.edu/stimuli_metadata	third-party; not included	3	30	268	268	90	no	353bcada49b064e28d50d2def33064dd09c820d5824fdd38414f122fa6ba142f	ffprobe + SHA-256 of BMD stimulus_set file 0351.mp4	verified
352	train	BOLD Moments Dataset video 0352	BMD stimulus set, video 0352	https://boldmomentsdataset.csail.mit.edu/stimuli_metadata	third-party; not included	3.04	24	268	268	73	no	9a4cc2ba8d126ff9dd8ec1dd752d9572e8ee34a48185f08d7fa50a4dae1bc528	ffprobe + SHA-256 of BMD stimulus_set file 0352.mp4	verified
353	train	BOLD Moments Dataset video 0353	BMD stimulus set, video 0353	https://boldmomentsdataset.csail.mit.edu/stimuli_metadata	third-party; not included	3	30	268	268	90	no	512cdd06a11621b63fc9ad3cca053da27259ef65a3e6dccc4941d30dcfe8bea8	ffprobe + SHA-256 of BMD stimulus_set file 0353.mp4	verified
354	train	BOLD Moments Dataset video 0354	BMD stimulus set, video 0354	https://boldmomentsdataset.csail.mit.edu/stimuli_metadata	third-party; not included	3	30	268	268	90	no	d9278f07b7af164ea1a38775be6b22ff8622a6860d527e0874392f6c60eac998	ffprobe + SHA-256 of BMD stimulus_set file 0354.mp4	verified
355	train	BOLD Moments Dataset video 0355	BMD stimulus set, video 0355	https://boldmomentsdataset.csail.mit.edu/stimuli_metadata	third-party; not included	3	25	268	268	75	no	535cb94e89aafa7cead61e26c5cad12a250f08b36703b1cdacb3da949849004a	ffprobe + SHA-256 of BMD stimulus_set file 0355.mp4	verified
356	train	BOLD Moments Dataset video 0356	BMD stimulus set, video 0356	https://boldmomentsdataset.csail.mit.edu/stimuli_metadata	third-party; not included	3.07	29	268	268	89	no	5425d54bbd106ee1be16a7b09ef535f7de9f804ed649912f4166f86355414210	ffprobe + SHA-256 of BMD stimulus_set file 0356.mp4	verified
357	train	BOLD Moments Dataset video 0357	BMD stimulus set, video 0357	https://boldmomentsdataset.csail.mit.edu/stimuli_metadata	third-party; not included	3	30	268	268	90	no	ec27cfb50ad89479afdc7d9395787b1560bafc036863194f25df823cb7e8248f	ffprobe + SHA-256 of BMD stimulus_set file 0357.mp4	verified
358	train	BOLD Moments Dataset video 0358	BMD stimulus set, video 0358	https://boldmomentsdataset.csail.mit.edu/stimuli_metadata	third-party; not included	3	30	268	268	90	no	eaf5128eed1c9cb019b8117f94f8255517eb335ccaa91255837936264dd89c74	ffprobe + SHA-256 of BMD stimulus_set file 0358.mp4	verified
359	train	BOLD Moments Dataset video 0359	BMD stimulus set, video 0359	https://boldmomentsdataset.csail.mit.edu/stimuli_metadata	third-party; not included	3	15	268	268	45	no	0c211792879f74738c44a851a6b555acefcc3ee8b5e37cf72fcf49289e8aba8b	ffprobe + SHA-256 of BMD stimulus_set file 0359.mp4	verified
360	train	BOLD Moments Dataset video 0360	BMD stimulus set, video 0360	https://boldmomentsdataset.csail.mit.edu/stimuli_metadata	third-party; not included	3	30	268	268	90	no	15cbafb1c51a6706e53c467f10ef51ba4a9ce514a4bc521fa50bb2f117817a6a	ffprobe + SHA-256 of BMD stimulus_set file 0360.mp4	verified
361	train	BOLD Moments Dataset video 0361	BMD stimulus set, video 0361	https://boldmomentsdataset.csail.mit.edu/stimuli_metadata	third-party; not included	3	30	268	268	90	no	804e73c87ac1cec1b3cc8c7cdb752de75afbd0b53a671a69cb683d8da29f1398	ffprobe + SHA-256 of BMD stimulus_set file 0361.mp4	verified
362	train	BOLD Moments Dataset video 0362	BMD stimulus set, video 0362	https://boldmomentsdataset.csail.mit.edu/stimuli_metadata	third-party; not included	3	30	268	268	90	no	7ce3c8c8645ae23a331c11eecb1302746e07e30053cb8925b3595cc3ae9acddc	ffprobe + SHA-256 of BMD stimulus_set file 0362.mp4	verified
363	train	BOLD Moments Dataset video 0363	BMD stimulus set, video 0363	https://boldmomentsdataset.csail.mit.edu/stimuli_metadata	third-party; not included	3	30	268	268	90	no	119dcf0df3e589eaa71a180dfbaf9fab8bca2db35e863f9365aaef3d1066ac2d	ffprobe + SHA-256 of BMD stimulus_set file 0363.mp4	verified
364	train	BOLD Moments Dataset video 0364	BMD stimulus set, video 0364	https://boldmomentsdataset.csail.mit.edu/stimuli_metadata	third-party; not included	3	30	268	268	90	no	c621aa0947c9b30a663eeb540cad77d92e99c930bc17f705665ead2eb1fcb629	ffprobe + SHA-256 of BMD stimulus_set file 0364.mp4	verified
365	train	BOLD Moments Dataset video 0365	BMD stimulus set, video 0365	https://boldmomentsdataset.csail.mit.edu/stimuli_metadata	third-party; not included	3.03	30	268	268	91	no	71f12922f3ed35a79fe485ab586442cb4aae9510f60f491540d8fc729627cafe	ffprobe + SHA-256 of BMD stimulus_set file 0365.mp4	verified
366	train	BOLD Moments Dataset video 0366	BMD stimulus set, video 0366	https://boldmomentsdataset.csail.mit.edu/stimuli_metadata	third-party; not included	3	30	268	268	90	no	62a75c1ebdb0a50f774f612c35aa9695f71a6febf48fbfe359901e2e758c8688	ffprobe + SHA-256 of BMD stimulus_set file 0366.mp4	verified
367	train	BOLD Moments Dataset video 0367	BMD stimulus set, video 0367	https://boldmomentsdataset.csail.mit.edu/stimuli_metadata	third-party; not included	3	30	268	268	90	no	eda1d921633dd3af0260f781e6b4088650a11968dea6612b0f1fcf1ec8a39dc2	ffprobe + SHA-256 of BMD stimulus_set file 0367.mp4	verified
368	train	BOLD Moments Dataset video 0368	BMD stimulus set, video 0368	https://boldmomentsdataset.csail.mit.edu/stimuli_metadata	third-party; not included	3.03	30	268	268	91	no	0108e5a4e918cb5d5ca23efdabbce5cfbad9efb792e82475ef818120cda9b18d	ffprobe + SHA-256 of BMD stimulus_set file 0368.mp4	verified
369	train	BOLD Moments Dataset video 0369	BMD stimulus set, video 0369	https://boldmomentsdataset.csail.mit.edu/stimuli_metadata	third-party; not included	3	20	268	268	60	no	c9461acdd9d71159a075138a784482cb5be6a348e88edabb4637f2d2127a3135	ffprobe + SHA-256 of BMD stimulus_set file 0369.mp4	verified
370	train	BOLD Moments Dataset video 0370	BMD stimulus set, video 0370	https://boldmomentsdataset.csail.mit.edu/stimuli_metadata	third-party; not included	3.07	29	268	268	89	no	399c01401adb096bf26d586678e09d1fa275fc2c3fd045dba73eaa7b3d6f9492	ffprobe + SHA-256 of BMD stimulus_set file 0370.mp4	verified
371	train	BOLD Moments Dataset video 0371	BMD stimulus set, video 0371	https://boldmomentsdataset.csail.mit.edu/stimuli_metadata	third-party; not included	3	30	268	268	90	no	fca6f2107d11c1ebe9f0ab664454435ff6f7e108118dfac16434a67e2aae422a	ffprobe + SHA-256 of BMD stimulus_set file 0371.mp4	verified
372	train	BOLD Moments Dataset video 0372	BMD stimulus set, video 0372	https://boldmomentsdataset.csail.mit.edu/stimuli_metadata	third-party; not included	3.03	30	268	268	91	no	8ee3525bcd4af610422f797fbc21c3802cc0e3c398c001febbf7840eeac73604	ffprobe + SHA-256 of BMD stimulus_set file 0372.mp4	verified
373	train	BOLD Moments Dataset video 0373	BMD stimulus set, video 0373	https://boldmomentsdataset.csail.mit.edu/stimuli_metadata	third-party; not included	3	15	268	268	45	no	6510c42bfe39b4ad78bd7ca7443b8c08a9976de0f6f6b20eda2b057e85272f2b	ffprobe + SHA-256 of BMD stimulus_set file 0373.mp4	verified
374	train	BOLD Moments Dataset video 0374	BMD stimulus set, video 0374	https://boldmomentsdataset.csail.mit.edu/stimuli_metadata	third-party; not included	3.03	30	268	268	91	no	01c1a029669f8c8e840308e2d60bd12f66bb10a55230a0bff8adb98553c5cd60	ffprobe + SHA-256 of BMD stimulus_set file 0374.mp4	verified
375	train	BOLD Moments Dataset video 0375	BMD stimulus set, video 0375	https://boldmomentsdataset.csail.mit.edu/stimuli_metadata	third-party; not included	3	30	268	268	90	no	13dab10d1833fc2d13d5a2b597200cbf75039c999c893749d9643ab1fd468722	ffprobe + SHA-256 of BMD stimulus_set file 0375.mp4	verified
376	train	BOLD Moments Dataset video 0376	BMD stimulus set, video 0376	https://boldmomentsdataset.csail.mit.edu/stimuli_metadata	third-party; not included	3	24	268	268	72	no	b34400c6b0c3bd86b96cb64bce71da0c49b41f7b80922b6efc7d1c26d2570a8d	ffprobe + SHA-256 of BMD stimulus_set file 0376.mp4	verified
377	train	BOLD Moments Dataset video 0377	BMD stimulus set, video 0377	https://boldmomentsdataset.csail.mit.edu/stimuli_metadata	third-party; not included	3	30	268	268	90	no	61d4188914863016b5ffdfd5abfc671e8402b097cd0be8f30be0409ac85fb023	ffprobe + SHA-256 of BMD stimulus_set file 0377.mp4	verified
378	train	BOLD Moments Dataset video 0378	BMD stimulus set, video 0378	https://boldmomentsdataset.csail.mit.edu/stimuli_metadata	third-party; not included	3	25	268	268	75	no	bbd4367ce983ec5052d1886d57eff3bda9d6dbb02ddfa4f2031e82f511677588	ffprobe + SHA-256 of BMD stimulus_set file 0378.mp4	verified
379	train	BOLD Moments Dataset video 0379	BMD stimulus set, video 0379	https://boldmomentsdataset.csail.mit.edu/stimuli_metadata	third-party; not included	3.04	24	268	268	73	no	cd55489c0810cfe2df8b53b6cc76212dcfaea50124075955f232220ad47c2b39	ffprobe + SHA-256 of BMD stimulus_set file 0379.mp4	verified
380	train	BOLD Moments Dataset video 0380	BMD stimulus set, video 0380	https://boldmomentsdataset.csail.mit.edu/stimuli_metadata	third-party; not included	3.03	30	268	268	91	no	2fb76347efd3217251c77aa0c6afcad79e1e62139f25c2490ca71bad25402588	ffprobe + SHA-256 of BMD stimulus_set file 0380.mp4	verified
381	train	BOLD Moments Dataset video 0381	BMD stimulus set, video 0381	https://boldmomentsdataset.csail.mit.edu/stimuli_metadata	third-party; not included	3	30	268	268	90	no	26d69aa32a53292efa5ee9a9274a56765e6cee07ec3f07eee59f73bee4f2f377	ffprobe + SHA-256 of BMD stimulus_set file 0381.mp4	verified
382	train	BOLD Moments Dataset video 0382	BMD stimulus set, video 0382	https://boldmomentsdataset.csail.mit.edu/stimuli_metadata	third-party; not included	3.03	30	268	268	91	no	f794b9e1e74b61dd807ace9735dafd6f31f4ba0a2fb0f1fd920029af86468bf1	ffprobe + SHA-256 of BMD stimulus_set file 0382.mp4	verified
383	train	BOLD Moments Dataset video 0383	BMD stimulus set, video 0383	https://boldmomentsdataset.csail.mit.edu/stimuli_metadata	third-party; not included	3	30	268	268	90	no	76ccd7b592822d2f0ae5ec454f6b1ac453cdd7e8b0ddf792e1fe23f763c7538b	ffprobe + SHA-256 of BMD stimulus_set file 0383.mp4	verified
384	train	BOLD Moments Dataset video 0384	BMD stimulus set, video 0384	https://boldmomentsdataset.csail.mit.edu/stimuli_metadata	third-party; not included	3.03	30	268	268	91	no	819c3806d93705119a80aebdf5d65f1a069722e1980cfff71e8fd6488e9ef505	ffprobe + SHA-256 of BMD stimulus_set file 0384.mp4	verified
385	train	BOLD Moments Dataset video 0385	BMD stimulus set, video 0385	https://boldmomentsdataset.csail.mit.edu/stimuli_metadata	third-party; not included	3	24	268	268	72	no	bdd583bcafc04a8d0780a02ebad6fbbccbb19227a83c059a72abfd77bc764948	ffprobe + SHA-256 of BMD stimulus_set file 0385.mp4	verified
386	train	BOLD Moments Dataset video 0386	BMD stimulus set, video 0386	https://boldmomentsdataset.csail.mit.edu/stimuli_metadata	third-party; not included	3.04	24	268	268	73	no	16712592ae883a04ad22d95f5da58fc2079690fae5f56bea1802d713590bcab2	ffprobe + SHA-256 of BMD stimulus_set file 0386.mp4	verified
387	train	BOLD Moments Dataset video 0387	BMD stimulus set, video 0387	https://boldmomentsdataset.csail.mit.edu/stimuli_metadata	third-party; not included	3.03	30	268	268	91	no	f02a90365c15c3c5e830e617615c1c4893c9033b70ccd600fe3afd53cdfef91c	ffprobe + SHA-256 of BMD stimulus_set file 0387.mp4	verified
388	train	BOLD Moments Dataset video 0388	BMD stimulus set, video 0388	https://boldmomentsdataset.csail.mit.edu/stimuli_metadata	third-party; not included	3.03	30	268	268	91	no	1eff7acf851c9c76e240e099e57c85d9470e07d5da5da97b668aa49616fc5761	ffprobe + SHA-256 of BMD stimulus_set file 0388.mp4	verified
389	train	BOLD Moments Dataset video 0389	BMD stimulus set, video 0389	https://boldmomentsdataset.csail.mit.edu/stimuli_metadata	third-party; not included	3	30	268	268	90	no	4a61108b23c5c5a7b300e0acf873dac759d0b69b77365267e01e91156885dde4	ffprobe + SHA-256 of BMD stimulus_set file 0389.mp4	verified
390	train	BOLD Moments Dataset video 0390	BMD stimulus set, video 0390	https://boldmomentsdataset.csail.mit.edu/stimuli_metadata	third-party; not included	3	30	268	268	90	no	41b2c21f862d744a97c9941497badf4c3a85004bcceb39536c39e92a96cb5f3b	ffprobe + SHA-256 of BMD stimulus_set file 0390.mp4	verified
391	train	BOLD Moments Dataset video 0391	BMD stimulus set, video 0391	https://boldmomentsdataset.csail.mit.edu/stimuli_metadata	third-party; not included	3	30	268	268	90	no	fa630a15bdc29ea4e552b040afbe23beab14ea3138659eacbe4bdccfd44bc019	ffprobe + SHA-256 of BMD stimulus_set file 0391.mp4	verified
392	train	BOLD Moments Dataset video 0392	BMD stimulus set, video 0392	https://boldmomentsdataset.csail.mit.edu/stimuli_metadata	third-party; not included	3	24	268	268	72	no	624cbd04d7eed4415b6f189ce83672bae2855d3eeb0fad17f13c1dbb1b150d66	ffprobe + SHA-256 of BMD stimulus_set file 0392.mp4	verified
393	train	BOLD Moments Dataset video 0393	BMD stimulus set, video 0393	https://boldmomentsdataset.csail.mit.edu/stimuli_metadata	third-party; not included	3	30	268	268	90	no	9de09f84bca28d1e2162ffa4adef7f9c3ab4fb09a8c1b844d38115adac0f46b9	ffprobe + SHA-256 of BMD stimulus_set file 0393.mp4	verified
394	train	BOLD Moments Dataset video 0394	BMD stimulus set, video 0394	https://boldmomentsdataset.csail.mit.edu/stimuli_metadata	third-party; not included	3.04	24	268	268	73	no	3eac1b6fd29de97d38c3e35f2ce814ff459b0466cf7ec43fbe8af801953533a0	ffprobe + SHA-256 of BMD stimulus_set file 0394.mp4	verified
395	train	BOLD Moments Dataset video 0395	BMD stimulus set, video 0395	https://boldmomentsdataset.csail.mit.edu/stimuli_metadata	third-party; not included	3.04	24	268	268	73	no	87b98fa5f52367dc8d07c52b374098ce82c3d823505bcb6d0bcc476d7c7ed7fc	ffprobe + SHA-256 of BMD stimulus_set file 0395.mp4	verified
396	train	BOLD Moments Dataset video 0396	BMD stimulus set, video 0396	https://boldmomentsdataset.csail.mit.edu/stimuli_metadata	third-party; not included	3	30	268	268	90	no	fba7ea36d84ce82b245313d66b4e259d7399529776a27c71ac328c6585bcf210	ffprobe + SHA-256 of BMD stimulus_set file 0396.mp4	verified
397	train	BOLD Moments Dataset video 0397	BMD stimulus set, video 0397	https://boldmomentsdataset.csail.mit.edu/stimuli_metadata	third-party; not included	3.03	30	268	268	91	no	3c6b8ca4f8b5015642650b5f6ce89b135f9314a121b4819e0d6fadf8981ad3f4	ffprobe + SHA-256 of BMD stimulus_set file 0397.mp4	verified
398	train	BOLD Moments Dataset video 0398	BMD stimulus set, video 0398	https://boldmomentsdataset.csail.mit.edu/stimuli_metadata	third-party; not included	3	30	268	268	90	no	bcc3a7a528b36598a438489c8ba943f12d96b020fd1a3caf4340feabad5db7f2	ffprobe + SHA-256 of BMD stimulus_set file 0398.mp4	verified
399	train	BOLD Moments Dataset video 0399	BMD stimulus set, video 0399	https://boldmomentsdataset.csail.mit.edu/stimuli_metadata	third-party; not included	3.03	30	268	268	91	no	cd99e96b8a75475aa4dcb23af9387cca38a38414c9f4bf76921d7bb2ea5426a1	ffprobe + SHA-256 of BMD stimulus_set file 0399.mp4	verified
400	train	BOLD Moments Dataset video 0400	BMD stimulus set, video 0400	https://boldmomentsdataset.csail.mit.edu/stimuli_metadata	third-party; not included	3.03	30	268	268	91	no	cb49c8bf83a7d55e8a16114eeec58448bb65742f35bdc1fb1290a32ba70902f5	ffprobe + SHA-256 of BMD stimulus_set file 0400.mp4	verified
401	train	BOLD Moments Dataset video 0401	BMD stimulus set, video 0401	https://boldmomentsdataset.csail.mit.edu/stimuli_metadata	third-party; not included	3.03	30	268	268	91	no	124a3200c7fd106723958a4697b5aa64c4ee71dd8f4c12403a57a434f96be69d	ffprobe + SHA-256 of BMD stimulus_set file 0401.mp4	verified
402	train	BOLD Moments Dataset video 0402	BMD stimulus set, video 0402	https://boldmomentsdataset.csail.mit.edu/stimuli_metadata	third-party; not included	3	30	268	268	90	no	05711e3a1a5ae9cb60e80fb8d52d9c40922f82cd7ae631390527d2ccddea8273	ffprobe + SHA-256 of BMD stimulus_set file 0402.mp4	verified
403	train	BOLD Moments Dataset video 0403	BMD stimulus set, video 0403	https://boldmomentsdataset.csail.mit.edu/stimuli_metadata	third-party; not included	3	24	268	268	72	no	3e75874cfc77e4b5fd2ca5dfce5d93e2d002f86b9f937c5fcc9bc13bd3908eb1	ffprobe + SHA-256 of BMD stimulus_set file 0403.mp4	verified
404	train	BOLD Moments Dataset video 0404	BMD stimulus set, video 0404	https://boldmomentsdataset.csail.mit.edu/stimuli_metadata	third-party; not included	3.03	30	268	268	91	no	c3a4cf2c5d3a5cc6fa7629d7b89c737dd56cee40d9ab38d8f5e44ebe4891d9e6	ffprobe + SHA-256 of BMD stimulus_set file 0404.mp4	verified
405	train	BOLD Moments Dataset video 0405	BMD stimulus set, video 0405	https://boldmomentsdataset.csail.mit.edu/stimuli_metadata	third-party; not included	3.03	30	268	268	91	no	0ac8bf58e7b61aef6c1b9000d6d46beb82f50991bcffa8b5bccacce0395f7c33	ffprobe + SHA-256 of BMD stimulus_set file 0405.mp4	verified
406	train	BOLD Moments Dataset video 0406	BMD stimulus set, video 0406	https://boldmomentsdataset.csail.mit.edu/stimuli_metadata	third-party; not included	3	24	268	268	72	no	a9dbc22d674fffc798d4582dd2980e53b79374affe043cec3cbf6ca89303e810	ffprobe + SHA-256 of BMD stimulus_set file 0406.mp4	verified
407	train	BOLD Moments Dataset video 0407	BMD stimulus set, video 0407	https://boldmomentsdataset.csail.mit.edu/stimuli_metadata	third-party; not included	3.03	30	268	268	91	no	39fb4ead59ed1807c7c79178e2e23f3898d342572802360394d9f4f8a9afd001	ffprobe + SHA-256 of BMD stimulus_set file 0407.mp4	verified
408	train	BOLD Moments Dataset video 0408	BMD stimulus set, video 0408	https://boldmomentsdataset.csail.mit.edu/stimuli_metadata	third-party; not included	3.03	30	268	268	91	no	80ee7828f751eb49279b7cd505205e57f2e59375112ccb24f1bba6f37b5c2040	ffprobe + SHA-256 of BMD stimulus_set file 0408.mp4	verified
409	train	BOLD Moments Dataset video 0409	BMD stimulus set, video 0409	https://boldmomentsdataset.csail.mit.edu/stimuli_metadata	third-party; not included	3.03	30	268	268	91	no	121cc054203ebc114e1e867de0ffd305bd4893d47db7c6b6b8da852e025afc04	ffprobe + SHA-256 of BMD stimulus_set file 0409.mp4	verified
410	train	BOLD Moments Dataset video 0410	BMD stimulus set, video 0410	https://boldmomentsdataset.csail.mit.edu/stimuli_metadata	third-party; not included	3	30	268	268	90	no	6280e18cd4875a44b1ec35feb44e90b7623b37da611f6472eac053e7c6237c34	ffprobe + SHA-256 of BMD stimulus_set file 0410.mp4	verified
411	train	BOLD Moments Dataset video 0411	BMD stimulus set, video 0411	https://boldmomentsdataset.csail.mit.edu/stimuli_metadata	third-party; not included	3.03	30	268	268	91	no	e874b0c4a5b50db0a4961b3b60bc79d574fabbb5cab091dff647b6c7668aca39	ffprobe + SHA-256 of BMD stimulus_set file 0411.mp4	verified
412	train	BOLD Moments Dataset video 0412	BMD stimulus set, video 0412	https://boldmomentsdataset.csail.mit.edu/stimuli_metadata	third-party; not included	3.03	30	268	268	91	no	1c8bebe720598a820955ad4edc742fb0f09c4a01779996e71415245f156a889e	ffprobe + SHA-256 of BMD stimulus_set file 0412.mp4	verified
413	train	BOLD Moments Dataset video 0413	BMD stimulus set, video 0413	https://boldmomentsdataset.csail.mit.edu/stimuli_metadata	third-party; not included	3.03	30	268	268	91	no	97abf5eed0d70c2d5222a8d879cf6b64f6029679c462463864516cf8871b5a87	ffprobe + SHA-256 of BMD stimulus_set file 0413.mp4	verified
414	train	BOLD Moments Dataset video 0414	BMD stimulus set, video 0414	https://boldmomentsdataset.csail.mit.edu/stimuli_metadata	third-party; not included	3.03	30	268	268	91	no	a85304db28cae80fccb8f1869a4223baadc68b0012a116b8f51bbb0af9a3c230	ffprobe + SHA-256 of BMD stimulus_set file 0414.mp4	verified
415	train	BOLD Moments Dataset video 0415	BMD stimulus set, video 0415	https://boldmomentsdataset.csail.mit.edu/stimuli_metadata	third-party; not included	3	30	268	268	90	no	27dee1c782c8e0577de19f87bf204fe121b6b3e9e0e33e66b482597996a6bed7	ffprobe + SHA-256 of BMD stimulus_set file 0415.mp4	verified
416	train	BOLD Moments Dataset video 0416	BMD stimulus set, video 0416	https://boldmomentsdataset.csail.mit.edu/stimuli_metadata	third-party; not included	3	30	268	268	90	no	feb7eb417fd4916a3822592ed14f481133f603ea93c8c889fe1385dc7a1b5ece	ffprobe + SHA-256 of BMD stimulus_set file 0416.mp4	verified
417	train	BOLD Moments Dataset video 0417	BMD stimulus set, video 0417	https://boldmomentsdataset.csail.mit.edu/stimuli_metadata	third-party; not included	3	30	268	268	90	no	36ccda6235b42e91c0720ba1bb946ade4d0e53e63c90729daa3b769f14ec6743	ffprobe + SHA-256 of BMD stimulus_set file 0417.mp4	verified
418	train	BOLD Moments Dataset video 0418	BMD stimulus set, video 0418	https://boldmomentsdataset.csail.mit.edu/stimuli_metadata	third-party; not included	3.03	30	268	268	91	no	31be4537b818ecae0b3b3d48d0bb4f8b295e58b5825240d95749fb2ab6503657	ffprobe + SHA-256 of BMD stimulus_set file 0418.mp4	verified
419	train	BOLD Moments Dataset video 0419	BMD stimulus set, video 0419	https://boldmomentsdataset.csail.mit.edu/stimuli_metadata	third-party; not included	3	30	268	268	90	no	730c0a6d43ead5f1d628b2f473117355de3adef0cb57014955ea599985dee425	ffprobe + SHA-256 of BMD stimulus_set file 0419.mp4	verified
420	train	BOLD Moments Dataset video 0420	BMD stimulus set, video 0420	https://boldmomentsdataset.csail.mit.edu/stimuli_metadata	third-party; not included	3.04	25	268	268	76	no	118746c8a91d93a0ef3bf852c228952b09cd0261e7c127a33225e4d44e6115a1	ffprobe + SHA-256 of BMD stimulus_set file 0420.mp4	verified
421	train	BOLD Moments Dataset video 0421	BMD stimulus set, video 0421	https://boldmomentsdataset.csail.mit.edu/stimuli_metadata	third-party; not included	3.03	30	268	268	91	no	82db9cb2c07c5923a136abc898b8997ab791b6986df808cf57ea3ead86dc708c	ffprobe + SHA-256 of BMD stimulus_set file 0421.mp4	verified
422	train	BOLD Moments Dataset video 0422	BMD stimulus set, video 0422	https://boldmomentsdataset.csail.mit.edu/stimuli_metadata	third-party; not included	3	30	268	268	90	no	feca2e6fbb85d4c4892479d0ef480e181ebe9333fd2039cfb68b745c3f38963c	ffprobe + SHA-256 of BMD stimulus_set file 0422.mp4	verified
423	train	BOLD Moments Dataset video 0423	BMD stimulus set, video 0423	https://boldmomentsdataset.csail.mit.edu/stimuli_metadata	third-party; not included	3.03	30	268	268	91	no	bdec74afc1c9cddf10b03b2560e4ad52648c4d7aac1f3ad79fb3384d1e564427	ffprobe + SHA-256 of BMD stimulus_set file 0423.mp4	verified
424	train	BOLD Moments Dataset video 0424	BMD stimulus set, video 0424	https://boldmomentsdataset.csail.mit.edu/stimuli_metadata	third-party; not included	3.03	30	268	268	91	no	dd3de23022fdb34a69fa8b4dc7ae7cf0d9457ddfa77a48251e87d547a3cde2f0	ffprobe + SHA-256 of BMD stimulus_set file 0424.mp4	verified
425	train	BOLD Moments Dataset video 0425	BMD stimulus set, video 0425	https://boldmomentsdataset.csail.mit.edu/stimuli_metadata	third-party; not included	3.03	30	268	268	91	no	01af7f01467226cb207b35bb33e2fc5874b6407f07bb57a74fee42d11809b77c	ffprobe + SHA-256 of BMD stimulus_set file 0425.mp4	verified
426	train	BOLD Moments Dataset video 0426	BMD stimulus set, video 0426	https://boldmomentsdataset.csail.mit.edu/stimuli_metadata	third-party; not included	3	30	268	268	90	no	6bb7c5a5b53c86ee613f3d0c58ec1fd4ffae0238fad1f2fc2593ffdd5f5df68f	ffprobe + SHA-256 of BMD stimulus_set file 0426.mp4	verified
427	train	BOLD Moments Dataset video 0427	BMD stimulus set, video 0427	https://boldmomentsdataset.csail.mit.edu/stimuli_metadata	third-party; not included	3.04	25	268	268	76	no	92293c1c890281ef05526b01536d204bb3259d06bf0ae71e438e4093bbd6de6f	ffprobe + SHA-256 of BMD stimulus_set file 0427.mp4	verified
428	train	BOLD Moments Dataset video 0428	BMD stimulus set, video 0428	https://boldmomentsdataset.csail.mit.edu/stimuli_metadata	third-party; not included	3.04	24	268	268	73	no	f49c5494e71f3e32d766dc2a4336a4d24aeb9716223a9b99025e519d29508443	ffprobe + SHA-256 of BMD stimulus_set file 0428.mp4	verified
429	train	BOLD Moments Dataset video 0429	BMD stimulus set, video 0429	https://boldmomentsdataset.csail.mit.edu/stimuli_metadata	third-party; not included	3	30	268	268	90	no	e41fe8a9634d87fde97c6825a02a96341d7aaef2998ee95521f5c109fcdfeb53	ffprobe + SHA-256 of BMD stimulus_set file 0429.mp4	verified
430	train	BOLD Moments Dataset video 0430	BMD stimulus set, video 0430	https://boldmomentsdataset.csail.mit.edu/stimuli_metadata	third-party; not included	3.03	30	268	268	91	no	c698254dffe470ad2026b957f0b7e9e686a909dd3575002c9f46829f17067841	ffprobe + SHA-256 of BMD stimulus_set file 0430.mp4	verified
431	train	BOLD Moments Dataset video 0431	BMD stimulus set, video 0431	https://boldmomentsdataset.csail.mit.edu/stimuli_metadata	third-party; not included	3.04	24	268	268	73	no	8740f7acf6797d59e7b408edd9bb4aec3d3c70319b686e184016f909865b45cd	ffprobe + SHA-256 of BMD stimulus_set file 0431.mp4	verified
432	train	BOLD Moments Dataset video 0432	BMD stimulus set, video 0432	https://boldmomentsdataset.csail.mit.edu/stimuli_metadata	third-party; not included	3	30	268	268	90	no	2c3435966c2fe1a455658b6d4ffd710c0ed1c28251bbd99433839095b07ab308	ffprobe + SHA-256 of BMD stimulus_set file 0432.mp4	verified
433	train	BOLD Moments Dataset video 0433	BMD stimulus set, video 0433	https://boldmomentsdataset.csail.mit.edu/stimuli_metadata	third-party; not included	3.04	24	268	268	73	no	f2edd930668875d7a442d1e353585d3007fdc1be7902cfd57960e927f6fe8439	ffprobe + SHA-256 of BMD stimulus_set file 0433.mp4	verified
434	train	BOLD Moments Dataset video 0434	BMD stimulus set, video 0434	https://boldmomentsdataset.csail.mit.edu/stimuli_metadata	third-party; not included	3.04	24	268	268	73	no	cdf0b75a2759f120bf806bdbbb2a192f767a431f2af4cc55430b8ae7f605958f	ffprobe + SHA-256 of BMD stimulus_set file 0434.mp4	verified
435	train	BOLD Moments Dataset video 0435	BMD stimulus set, video 0435	https://boldmomentsdataset.csail.mit.edu/stimuli_metadata	third-party; not included	3.03	30	268	268	91	no	d06667699e132fb099cc239a29494efbaf6c592dfb71e6002f7c5ddcf421244e	ffprobe + SHA-256 of BMD stimulus_set file 0435.mp4	verified
436	train	BOLD Moments Dataset video 0436	BMD stimulus set, video 0436	https://boldmomentsdataset.csail.mit.edu/stimuli_metadata	third-party; not included	3	24	268	268	72	no	074fb9b4e7d10306ceec92ba5df52afbb3c5b59471eeafc3ae07250b9247eff2	ffprobe + SHA-256 of BMD stimulus_set file 0436.mp4	verified
437	train	BOLD Moments Dataset video 0437	BMD stimulus set, video 0437	https://boldmomentsdataset.csail.mit.edu/stimuli_metadata	third-party; not included	3.04	25	268	268	76	no	2ac3c45098ee3343c8386a819ef79dbdea9af827beadeb0562abe6ea826ac171	ffprobe + SHA-256 of BMD stimulus_set file 0437.mp4	verified
438	train	BOLD Moments Dataset video 0438	BMD stimulus set, video 0438	https://boldmomentsdataset.csail.mit.edu/stimuli_metadata	third-party; not included	3.03	30	268	268	91	no	aab8535cca451ec6727f13df51ff30ed5186ef32c3b623a657406b22a46f969d	ffprobe + SHA-256 of BMD stimulus_set file 0438.mp4	verified
439	train	BOLD Moments Dataset video 0439	BMD stimulus set, video 0439	https://boldmomentsdataset.csail.mit.edu/stimuli_metadata	third-party; not included	3	30	268	268	90	no	afe2588534a7580d2a3039985268e0576ce6548baf9f7c4ae00558f4a7fdd808	ffprobe + SHA-256 of BMD stimulus_set file 0439.mp4	verified
440	train	BOLD Moments Dataset video 0440	BMD stimulus set, video 0440	https://boldmomentsdataset.csail.mit.edu/stimuli_metadata	third-party; not included	3.04	25	268	268	76	no	aaf41c1f10f10c98993894ce030eb9ccd7d8e5c6870c20400689e4b4c6327ff9	ffprobe + SHA-256 of BMD stimulus_set file 0440.mp4	verified
441	train	BOLD Moments Dataset video 0441	BMD stimulus set, video 0441	https://boldmomentsdataset.csail.mit.edu/stimuli_metadata	third-party; not included	3.03	30	268	268	91	no	4019e33b7d14eebd2a12ea3cf4dbc9bc19287763f1e99e80a1beb6cc9083d5a4	ffprobe + SHA-256 of BMD stimulus_set file 0441.mp4	verified
442	train	BOLD Moments Dataset video 0442	BMD stimulus set, video 0442	https://boldmomentsdataset.csail.mit.edu/stimuli_metadata	third-party; not included	3.04	25	268	268	76	no	e0e6e7ef7729a50e40c9a4c15acc9cf88b72a866ec9bc5836ba4866b425487eb	ffprobe + SHA-256 of BMD stimulus_set file 0442.mp4	verified
443	train	BOLD Moments Dataset video 0443	BMD stimulus set, video 0443	https://boldmomentsdataset.csail.mit.edu/stimuli_metadata	third-party; not included	3	24	268	268	72	no	61401b5ae51c391c8776c642994a5235706cfc63d2122663b3545aaa98c40ab1	ffprobe + SHA-256 of BMD stimulus_set file 0443.mp4	verified
444	train	BOLD Moments Dataset video 0444	BMD stimulus set, video 0444	https://boldmomentsdataset.csail.mit.edu/stimuli_metadata	third-party; not included	3.04	25	268	268	76	no	9271a1c083be0a73574a53a0c003776db2b96b6ec22aa771dc9a3b023eea4fa7	ffprobe + SHA-256 of BMD stimulus_set file 0444.mp4	verified
445	train	BOLD Moments Dataset video 0445	BMD stimulus set, video 0445	https://boldmomentsdataset.csail.mit.edu/stimuli_metadata	third-party; not included	3	24	268	268	72	no	e6f05e9e1247a5528d4f298400e70f78def4d44d9e71cd8369baf33a90559f7d	ffprobe + SHA-256 of BMD stimulus_set file 0445.mp4	verified
446	train	BOLD Moments Dataset video 0446	BMD stimulus set, video 0446	https://boldmomentsdataset.csail.mit.edu/stimuli_metadata	third-party; not included	3	25	268	268	75	no	fb77ad604f6066563ef3899edf233c52e0dc6fb62b0b18ae8c6d9109577d6a08	ffprobe + SHA-256 of BMD stimulus_set file 0446.mp4	verified
447	train	BOLD Moments Dataset video 0447	BMD stimulus set, video 0447	https://boldmomentsdataset.csail.mit.edu/stimuli_metadata	third-party; not included	3	25	268	268	75	no	f4f00558aabc36775c6d308511af97ef1d5e416a16a64368d80a9a9fa3c01feb	ffprobe + SHA-256 of BMD stimulus_set file 0447.mp4	verified
448	train	BOLD Moments Dataset video 0448	BMD stimulus set, video 0448	https://boldmomentsdataset.csail.mit.edu/stimuli_metadata	third-party; not included	3	30	268	268	90	no	4c58bc23e87109398e525dd56a47cc18f553670dbb4f3aca824ee7f52cd6be28	ffprobe + SHA-256 of BMD stimulus_set file 0448.mp4	verified
449	train	BOLD Moments Dataset video 0449	BMD stimulus set, video 0449	https://boldmomentsdataset.csail.mit.edu/stimuli_metadata	third-party; not included	3.03	30	268	268	91	no	c68306c73343f8cd3bbb9270b710117ba569225a6466d3442a294ce77d021c66	ffprobe + SHA-256 of BMD stimulus_set file 0449.mp4	verified
450	train	BOLD Moments Dataset video 0450	BMD stimulus set, video 0450	https://boldmomentsdataset.csail.mit.edu/stimuli_metadata	third-party; not included	3.03	30	268	268	91	no	ff0395aff9125d6fad85cd162cd70666faddf37bb91bc1d1cef9b79456d4be4f	ffprobe + SHA-256 of BMD stimulus_set file 0450.mp4	verified
451	train	BOLD Moments Dataset video 0451	BMD stimulus set, video 0451	https://boldmomentsdataset.csail.mit.edu/stimuli_metadata	third-party; not included	3	30	268	268	90	no	36e1df3684a2428905f2923e2cda3a9ab5a5bdc7601b1673eeac21ff4c898035	ffprobe + SHA-256 of BMD stimulus_set file 0451.mp4	verified
452	train	BOLD Moments Dataset video 0452	BMD stimulus set, video 0452	https://boldmomentsdataset.csail.mit.edu/stimuli_metadata	third-party; not included	3	25	268	268	75	no	973b9e68c7c78d7082fd8a2d3e5f25065fe8310bf6332cbc65f8760462b474c3	ffprobe + SHA-256 of BMD stimulus_set file 0452.mp4	verified
453	train	BOLD Moments Dataset video 0453	BMD stimulus set, video 0453	https://boldmomentsdataset.csail.mit.edu/stimuli_metadata	third-party; not included	3	30	268	268	90	no	4d897cec6c44d779831ab3def14edbd25d0acd60279755682c4869e472e6cabd	ffprobe + SHA-256 of BMD stimulus_set file 0453.mp4	verified
454	train	BOLD Moments Dataset video 0454	BMD stimulus set, video 0454	https://boldmomentsdataset.csail.mit.edu/stimuli_metadata	third-party; not included	3	30	268	268	90	no	f8360e777d8aec89b260921ef8130e53a8dad6dee2428606e54f5915fa1b00c2	ffprobe + SHA-256 of BMD stimulus_set file 0454.mp4	verified
455	train	BOLD Moments Dataset video 0455	BMD stimulus set, video 0455	https://boldmomentsdataset.csail.mit.edu/stimuli_metadata	third-party; not included	3.03	30	268	268	91	no	ab51300c9b13b3cc5b7115b8403e02814bc36dcf8749f4c15c4baff9e080bac4	ffprobe + SHA-256 of BMD stimulus_set file 0455.mp4	verified
456	train	BOLD Moments Dataset video 0456	BMD stimulus set, video 0456	https://boldmomentsdataset.csail.mit.edu/stimuli_metadata	third-party; not included	3	25	268	268	75	no	93b025916f89871d6f6446b9acbb8e025a40243e41b6a9bff212bd9e0834aae7	ffprobe + SHA-256 of BMD stimulus_set file 0456.mp4	verified
457	train	BOLD Moments Dataset video 0457	BMD stimulus set, video 0457	https://boldmomentsdataset.csail.mit.edu/stimuli_metadata	third-party; not included	3	30	268	268	90	no	c1647932f35bd6b7bcb1ea2ca905dede87f6c92075ae1d823e522c854fdef4ff	ffprobe + SHA-256 of BMD stimulus_set file 0457.mp4	verified
458	train	BOLD Moments Dataset video 0458	BMD stimulus set, video 0458	https://boldmomentsdataset.csail.mit.edu/stimuli_metadata	third-party; not included	3	20	268	268	60	no	a48a223d2ac50b7b534446bb5a30e2530019be9126e7b9bb317314beb54718cc	ffprobe + SHA-256 of BMD stimulus_set file 0458.mp4	verified
459	train	BOLD Moments Dataset video 0459	BMD stimulus set, video 0459	https://boldmomentsdataset.csail.mit.edu/stimuli_metadata	third-party; not included	3	30	268	268	90	no	4b852c64a52d5a2a3eafabba8ceb6c4a4b35f72595609634d93f626e1f04e29a	ffprobe + SHA-256 of BMD stimulus_set file 0459.mp4	verified
460	train	BOLD Moments Dataset video 0460	BMD stimulus set, video 0460	https://boldmomentsdataset.csail.mit.edu/stimuli_metadata	third-party; not included	3	30	268	268	90	no	7b0286eb1388ed98432a20948442b6bc04a5a27ad6cc5e50f498f27d0df974b1	ffprobe + SHA-256 of BMD stimulus_set file 0460.mp4	verified
461	train	BOLD Moments Dataset video 0461	BMD stimulus set, video 0461	https://boldmomentsdataset.csail.mit.edu/stimuli_metadata	third-party; not included	3	24	268	268	72	no	01821b0b39df49aa29ed10f66205d54c521e03c28e6a9a841639e93bef9f21f9	ffprobe + SHA-256 of BMD stimulus_set file 0461.mp4	verified
462	train	BOLD Moments Dataset video 0462	BMD stimulus set, video 0462	https://boldmomentsdataset.csail.mit.edu/stimuli_metadata	third-party; not included	3	24	268	268	72	no	dda414115450b3821ac068d33d2a52ca6d218ea124e72788b02e10493b890dbe	ffprobe + SHA-256 of BMD stimulus_set file 0462.mp4	verified
463	train	BOLD Moments Dataset video 0463	BMD stimulus set, video 0463	https://boldmomentsdataset.csail.mit.edu/stimuli_metadata	third-party; not included	3	30	268	268	90	no	054e8171f884e119902ab981554e8cd4bbe5c0c2aa8ebc70b59adcabaa5efbd1	ffprobe + SHA-256 of BMD stimulus_set file 0463.mp4	verified
464	train	BOLD Moments Dataset video 0464	BMD stimulus set, video 0464	https://boldmomentsdataset.csail.mit.edu/stimuli_metadata	third-party; not included	3	30	268	268	90	no	954ab17bfed2525def9d948822f31c8f77fd35c666f74cbf8767c1480fe9cec9	ffprobe + SHA-256 of BMD stimulus_set file 0464.mp4	verified
465	train	BOLD Moments Dataset video 0465	BMD stimulus set, video 0465	https://boldmomentsdataset.csail.mit.edu/stimuli_metadata	third-party; not included	3	30	268	268	90	no	efda9c7102bc4e888e973d3767ca4fb86e93f85f78da7897bfe708b7f5133f44	ffprobe + SHA-256 of BMD stimulus_set file 0465.mp4	verified
466	train	BOLD Moments Dataset video 0466	BMD stimulus set, video 0466	https://boldmomentsdataset.csail.mit.edu/stimuli_metadata	third-party; not included	3	30	268	268	90	no	565b0fd62553acb3a14c4c6131b5969309bfce661f3e63d5f60098d1a2d4ca90	ffprobe + SHA-256 of BMD stimulus_set file 0466.mp4	verified
467	train	BOLD Moments Dataset video 0467	BMD stimulus set, video 0467	https://boldmomentsdataset.csail.mit.edu/stimuli_metadata	third-party; not included	3	24	268	268	72	no	a45792e454ecb0cbde0c2517a3321563b8795edd0f5a6018af14bbbd7bc04832	ffprobe + SHA-256 of BMD stimulus_set file 0467.mp4	verified
468	train	BOLD Moments Dataset video 0468	BMD stimulus set, video 0468	https://boldmomentsdataset.csail.mit.edu/stimuli_metadata	third-party; not included	3	30	268	268	90	no	a1b7237660a983c41d51a8d7c6429a9dd64e157cc1ae7ec9a33b2620fd71e4f2	ffprobe + SHA-256 of BMD stimulus_set file 0468.mp4	verified
469	train	BOLD Moments Dataset video 0469	BMD stimulus set, video 0469	https://boldmomentsdataset.csail.mit.edu/stimuli_metadata	third-party; not included	3	30	268	268	90	no	0005af9b0928d8dac3b998ababc3b28447a451adbc8677dd873c87f59da4d619	ffprobe + SHA-256 of BMD stimulus_set file 0469.mp4	verified
470	train	BOLD Moments Dataset video 0470	BMD stimulus set, video 0470	https://boldmomentsdataset.csail.mit.edu/stimuli_metadata	third-party; not included	3	30	268	268	90	no	29d9b8fd67055c253629382f499ae4baacdef943aef3d311fd5157cae83d73a0	ffprobe + SHA-256 of BMD stimulus_set file 0470.mp4	verified
471	train	BOLD Moments Dataset video 0471	BMD stimulus set, video 0471	https://boldmomentsdataset.csail.mit.edu/stimuli_metadata	third-party; not included	3	30	268	268	90	no	11fdda5479a951bd55fa02b8d583611ccf3efba712ed7ee2b51ae52dd6025b6f	ffprobe + SHA-256 of BMD stimulus_set file 0471.mp4	verified
472	train	BOLD Moments Dataset video 0472	BMD stimulus set, video 0472	https://boldmomentsdataset.csail.mit.edu/stimuli_metadata	third-party; not included	3	30	268	268	90	no	332497d4a42a7509f519eed0da3e44b718b9eed51ece7fdced33c263180925af	ffprobe + SHA-256 of BMD stimulus_set file 0472.mp4	verified
473	train	BOLD Moments Dataset video 0473	BMD stimulus set, video 0473	https://boldmomentsdataset.csail.mit.edu/stimuli_metadata	third-party; not included	3	30	268	268	90	no	214a16990ce661dc21bbe4d1ba87dfd1a1509fd6bf1b8d26cf79b017e992a8a8	ffprobe + SHA-256 of BMD stimulus_set file 0473.mp4	verified
474	train	BOLD Moments Dataset video 0474	BMD stimulus set, video 0474	https://boldmomentsdataset.csail.mit.edu/stimuli_metadata	third-party; not included	3	24	268	268	72	no	782c06d802cca1495138713ad909dbf2722719b14cb7f5386405c571e43f69f8	ffprobe + SHA-256 of BMD stimulus_set file 0474.mp4	verified
475	train	BOLD Moments Dataset video 0475	BMD stimulus set, video 0475	https://boldmomentsdataset.csail.mit.edu/stimuli_metadata	third-party; not included	3	30	268	268	90	no	920e347246c3f5204209df8d270d6f8b0dd9d2967c492e65f3eb56c4a207346d	ffprobe + SHA-256 of BMD stimulus_set file 0475.mp4	verified
476	train	BOLD Moments Dataset video 0476	BMD stimulus set, video 0476	https://boldmomentsdataset.csail.mit.edu/stimuli_metadata	third-party; not included	3	30	268	268	90	no	c194f2d8667e7f2b6a9e9d5181db6ce9e7295d37557e33f9967b061eb2d641ea	ffprobe + SHA-256 of BMD stimulus_set file 0476.mp4	verified
477	train	BOLD Moments Dataset video 0477	BMD stimulus set, video 0477	https://boldmomentsdataset.csail.mit.edu/stimuli_metadata	third-party; not included	3	30	268	268	90	no	ef05aaefed241c9ecd4c9398516e609055a88e25b7c1826a0b7df2e8a38d638b	ffprobe + SHA-256 of BMD stimulus_set file 0477.mp4	verified
478	train	BOLD Moments Dataset video 0478	BMD stimulus set, video 0478	https://boldmomentsdataset.csail.mit.edu/stimuli_metadata	third-party; not included	3	30	268	268	90	no	8a6cdc36e6ea65da87b24d93ea7e56b6ee3f85a879f9a6b31464bbd3ca3c0b74	ffprobe + SHA-256 of BMD stimulus_set file 0478.mp4	verified
479	train	BOLD Moments Dataset video 0479	BMD stimulus set, video 0479	https://boldmomentsdataset.csail.mit.edu/stimuli_metadata	third-party; not included	3	24	268	268	72	no	57560a2ec38ed69bb7000ba46f2a6b1c0d8f51b96d7bf0cd445c0d0711e474dd	ffprobe + SHA-256 of BMD stimulus_set file 0479.mp4	verified
480	train	BOLD Moments Dataset video 0480	BMD stimulus set, video 0480	https://boldmomentsdataset.csail.mit.edu/stimuli_metadata	third-party; not included	3	30	268	268	90	no	56fc999884f93343b99f46da4e0173d3ecf541a8a3e90ee7b83928edf6cb1b86	ffprobe + SHA-256 of BMD stimulus_set file 0480.mp4	verified
481	train	BOLD Moments Dataset video 0481	BMD stimulus set, video 0481	https://boldmomentsdataset.csail.mit.edu/stimuli_metadata	third-party; not included	3	30	268	268	90	no	dbf23ab8f1dc98d3a6ae19b661a8093eac6a035c5330dcf3815389b40715b258	ffprobe + SHA-256 of BMD stimulus_set file 0481.mp4	verified
482	train	BOLD Moments Dataset video 0482	BMD stimulus set, video 0482	https://boldmomentsdataset.csail.mit.edu/stimuli_metadata	third-party; not included	3	30	268	268	90	no	881f87afb0ef063c0e04e7273f1c03f1b02ba5e347e2c40fd20fe799a9391556	ffprobe + SHA-256 of BMD stimulus_set file 0482.mp4	verified
483	train	BOLD Moments Dataset video 0483	BMD stimulus set, video 0483	https://boldmomentsdataset.csail.mit.edu/stimuli_metadata	third-party; not included	3	15	268	268	45	no	9771a5c9159f748cf3490cc5d3d8d2249f44b34af269cd07d7e402de40d24a0a	ffprobe + SHA-256 of BMD stimulus_set file 0483.mp4	verified
484	train	BOLD Moments Dataset video 0484	BMD stimulus set, video 0484	https://boldmomentsdataset.csail.mit.edu/stimuli_metadata	third-party; not included	3	30	268	268	90	no	b6e9667755e756a1fc968feabfc249995e0cbfa5c6fde8e6ce7474ed03d6081f	ffprobe + SHA-256 of BMD stimulus_set file 0484.mp4	verified
485	train	BOLD Moments Dataset video 0485	BMD stimulus set, video 0485	https://boldmomentsdataset.csail.mit.edu/stimuli_metadata	third-party; not included	3	30	268	268	90	no	fa4aa823266c6a4b9561a9a5a5da33fc3df125c974cc790505b42476fb32c047	ffprobe + SHA-256 of BMD stimulus_set file 0485.mp4	verified
486	train	BOLD Moments Dataset video 0486	BMD stimulus set, video 0486	https://boldmomentsdataset.csail.mit.edu/stimuli_metadata	third-party; not included	3	30	268	268	90	no	da9704bcbd67985059e21f6a61c49d3b0befe06cdd4886503283805a7922e034	ffprobe + SHA-256 of BMD stimulus_set file 0486.mp4	verified
487	train	BOLD Moments Dataset video 0487	BMD stimulus set, video 0487	https://boldmomentsdataset.csail.mit.edu/stimuli_metadata	third-party; not included	3	24	268	268	72	no	195a137cdb4017ae84490943698acb288ad132738f23b7b658b82147e538b2e5	ffprobe + SHA-256 of BMD stimulus_set file 0487.mp4	verified
488	train	BOLD Moments Dataset video 0488	BMD stimulus set, video 0488	https://boldmomentsdataset.csail.mit.edu/stimuli_metadata	third-party; not included	3	30	268	268	90	no	7fa750e48597824a81be434b113f716a2d0c3ef4158ae17b2b5ca7195bbe4a16	ffprobe + SHA-256 of BMD stimulus_set file 0488.mp4	verified
489	train	BOLD Moments Dataset video 0489	BMD stimulus set, video 0489	https://boldmomentsdataset.csail.mit.edu/stimuli_metadata	third-party; not included	3	30	268	268	90	no	1c8caf90a320a731bb890ebe13b0f96196c874b19a45a130a5396a07fe17a3ad	ffprobe + SHA-256 of BMD stimulus_set file 0489.mp4	verified
490	train	BOLD Moments Dataset video 0490	BMD stimulus set, video 0490	https://boldmomentsdataset.csail.mit.edu/stimuli_metadata	third-party; not included	3	30	268	268	90	no	f21525c8472c41ab2967c3e25f79790e4ec1c11e77addd73c35c5b9bc26860c4	ffprobe + SHA-256 of BMD stimulus_set file 0490.mp4	verified
491	train	BOLD Moments Dataset video 0491	BMD stimulus set, video 0491	https://boldmomentsdataset.csail.mit.edu/stimuli_metadata	third-party; not included	3	24	268	268	72	no	3c6beff36a2d765f6dec7434928edda3916e1c32964e674f5c9fae329844c9a2	ffprobe + SHA-256 of BMD stimulus_set file 0491.mp4	verified
492	train	BOLD Moments Dataset video 0492	BMD stimulus set, video 0492	https://boldmomentsdataset.csail.mit.edu/stimuli_metadata	third-party; not included	3	30	268	268	90	no	4c40cc00f292d48590497e756d7e3599b60d65430b899fd0c722c407b64131da	ffprobe + SHA-256 of BMD stimulus_set file 0492.mp4	verified
493	train	BOLD Moments Dataset video 0493	BMD stimulus set, video 0493	https://boldmomentsdataset.csail.mit.edu/stimuli_metadata	third-party; not included	3	30	268	268	90	no	e1d9a09541adb1f929eb17d92221ae796695f06a9526c2dce3617163b28286f8	ffprobe + SHA-256 of BMD stimulus_set file 0493.mp4	verified
494	train	BOLD Moments Dataset video 0494	BMD stimulus set, video 0494	https://boldmomentsdataset.csail.mit.edu/stimuli_metadata	third-party; not included	3	30	268	268	90	no	fc81d0e6854279e996a866318dd503fb61279dbf118f85c66a420d908be1f97d	ffprobe + SHA-256 of BMD stimulus_set file 0494.mp4	verified
495	train	BOLD Moments Dataset video 0495	BMD stimulus set, video 0495	https://boldmomentsdataset.csail.mit.edu/stimuli_metadata	third-party; not included	3	30	268	268	90	no	651e21207df6a6f5ff714bb486799a8c42639c3ba6390b4e428b30f4d5a47d3a	ffprobe + SHA-256 of BMD stimulus_set file 0495.mp4	verified
496	train	BOLD Moments Dataset video 0496	BMD stimulus set, video 0496	https://boldmomentsdataset.csail.mit.edu/stimuli_metadata	third-party; not included	3	30	268	268	90	no	b35b9ac878beeb18ab3159b46047fa8d6748aca230b7a5054dff01bcb72f67b6	ffprobe + SHA-256 of BMD stimulus_set file 0496.mp4	verified
497	train	BOLD Moments Dataset video 0497	BMD stimulus set, video 0497	https://boldmomentsdataset.csail.mit.edu/stimuli_metadata	third-party; not included	3	30	268	268	90	no	fec2640880c70858377654c085764ab624b8f2a5cd6acccc54be763fa9d120af	ffprobe + SHA-256 of BMD stimulus_set file 0497.mp4	verified
498	train	BOLD Moments Dataset video 0498	BMD stimulus set, video 0498	https://boldmomentsdataset.csail.mit.edu/stimuli_metadata	third-party; not included	3	30	268	268	90	no	6fa85fc663976c428bb260b6443499ee3c03a7c273fd74fe6bc517705a8b4a70	ffprobe + SHA-256 of BMD stimulus_set file 0498.mp4	verified
499	train	BOLD Moments Dataset video 0499	BMD stimulus set, video 0499	https://boldmomentsdataset.csail.mit.edu/stimuli_metadata	third-party; not included	3	30	268	268	90	no	4c6493ae0b4f87114861032ad4bcefa6b1c566b67699bf88aa632bc2bd6aadfd	ffprobe + SHA-256 of BMD stimulus_set file 0499.mp4	verified
500	train	BOLD Moments Dataset video 0500	BMD stimulus set, video 0500	https://boldmomentsdataset.csail.mit.edu/stimuli_metadata	third-party; not included	3	30	268	268	90	no	11d66630f9b9089a226e2e021de80485d6c4c267307dc2b6a19f12e652a1a6c2	ffprobe + SHA-256 of BMD stimulus_set file 0500.mp4	verified
501	train	BOLD Moments Dataset video 0501	BMD stimulus set, video 0501	https://boldmomentsdataset.csail.mit.edu/stimuli_metadata	third-party; not included	3.03	30	268	268	91	no	832176e478b624244e83eea32a84be42afd047938d5bf997a538cbaae0df63c6	ffprobe + SHA-256 of BMD stimulus_set file 0501.mp4	verified
502	train	BOLD Moments Dataset video 0502	BMD stimulus set, video 0502	https://boldmomentsdataset.csail.mit.edu/stimuli_metadata	third-party; not included	3	24	268	268	72	no	6b31cc31fca8f351d5428abd0fc4d465ee3423c95195bfbc06b646b34ea65475	ffprobe + SHA-256 of BMD stimulus_set file 0502.mp4	verified
503	train	BOLD Moments Dataset video 0503	BMD stimulus set, video 0503	https://boldmomentsdataset.csail.mit.edu/stimuli_metadata	third-party; not included	3	30	268	268	90	no	f41cd0ce9d99c25fef4eef6d6ccd6cd965d2edeac2f3e5a571d3d918a29ce202	ffprobe + SHA-256 of BMD stimulus_set file 0503.mp4	verified
504	train	BOLD Moments Dataset video 0504	BMD stimulus set, video 0504	https://boldmomentsdataset.csail.mit.edu/stimuli_metadata	third-party; not included	3.03	30	268	268	91	no	4a95b6c4796216fc930f0bbadfe2f0f96eb53dc83d4527696df4598624fa0a77	ffprobe + SHA-256 of BMD stimulus_set file 0504.mp4	verified
505	train	BOLD Moments Dataset video 0505	BMD stimulus set, video 0505	https://boldmomentsdataset.csail.mit.edu/stimuli_metadata	third-party; not included	3	30	268	268	90	no	8b04ab2a28a3a890244f0859e3180f45ebcb9478b1e6b8dc96cccd0e45ee6e7b	ffprobe + SHA-256 of BMD stimulus_set file 0505.mp4	verified
506	train	BOLD Moments Dataset video 0506	BMD stimulus set, video 0506	https://boldmomentsdataset.csail.mit.edu/stimuli_metadata	third-party; not included	3	24	268	268	72	no	97c015ad24c096a362a5dcec27ff5d267b0afb72354fa786466b56508eca74c2	ffprobe + SHA-256 of BMD stimulus_set file 0506.mp4	verified
507	train	BOLD Moments Dataset video 0507	BMD stimulus set, video 0507	https://boldmomentsdataset.csail.mit.edu/stimuli_metadata	third-party; not included	3	30	268	268	90	no	8ff40f566af8f71d34d0b73c6dfa5f3743978a61fb42f2d6f848147c6b4093a0	ffprobe + SHA-256 of BMD stimulus_set file 0507.mp4	verified
508	train	BOLD Moments Dataset video 0508	BMD stimulus set, video 0508	https://boldmomentsdataset.csail.mit.edu/stimuli_metadata	third-party; not included	3	30	268	268	90	no	286b62df94452d566beadb935575b4950a2a4cefd16713ce0c4f00d1c76cf756	ffprobe + SHA-256 of BMD stimulus_set file 0508.mp4	verified
509	train	BOLD Moments Dataset video 0509	BMD stimulus set, video 0509	https://boldmomentsdataset.csail.mit.edu/stimuli_metadata	third-party; not included	3	30	268	268	90	no	2fe60dabf94418fed4c1c452e30a0ac517f99201fdd9c4757fe161f6e0f6e548	ffprobe + SHA-256 of BMD stimulus_set file 0509.mp4	verified
510	train	BOLD Moments Dataset video 0510	BMD stimulus set, video 0510	https://boldmomentsdataset.csail.mit.edu/stimuli_metadata	third-party; not included	3	30	268	268	90	no	34a33514a8b1c126adc7d5e7d5aa5a61a624d5eb9d6a18f3975c78ed1e999bc8	ffprobe + SHA-256 of BMD stimulus_set file 0510.mp4	verified
511	train	BOLD Moments Dataset video 0511	BMD stimulus set, video 0511	https://boldmomentsdataset.csail.mit.edu/stimuli_metadata	third-party; not included	3	24	268	268	72	no	d0c8ef3e677803ae94bc72da5e8ce31657ea4c3017bb7acbc8f00a4e5583e2cf	ffprobe + SHA-256 of BMD stimulus_set file 0511.mp4	verified
512	train	BOLD Moments Dataset video 0512	BMD stimulus set, video 0512	https://boldmomentsdataset.csail.mit.edu/stimuli_metadata	third-party; not included	3.03	30	268	268	91	no	e867ade08e66b239235974b63c0909671b37d5c62f4319229cb54ca44f9bf9ee	ffprobe + SHA-256 of BMD stimulus_set file 0512.mp4	verified
513	train	BOLD Moments Dataset video 0513	BMD stimulus set, video 0513	https://boldmomentsdataset.csail.mit.edu/stimuli_metadata	third-party; not included	3.03	30	268	268	91	no	d83aa3a4d3de18ca4ab20410fa4f6f21405eb7701a4ba97094ed2a8b1a286227	ffprobe + SHA-256 of BMD stimulus_set file 0513.mp4	verified
514	train	BOLD Moments Dataset video 0514	BMD stimulus set, video 0514	https://boldmomentsdataset.csail.mit.edu/stimuli_metadata	third-party; not included	3.03	30	268	268	91	no	75431e74eab70289ce21658923ef7f60eece30bb3d16b595326712c2332fc4f1	ffprobe + SHA-256 of BMD stimulus_set file 0514.mp4	verified
515	train	BOLD Moments Dataset video 0515	BMD stimulus set, video 0515	https://boldmomentsdataset.csail.mit.edu/stimuli_metadata	third-party; not included	3	24	268	268	72	no	ae73a95b7bc3c38fc424da4fc0381b1e7152659fd4c16ef039284f788c00063a	ffprobe + SHA-256 of BMD stimulus_set file 0515.mp4	verified
516	train	BOLD Moments Dataset video 0516	BMD stimulus set, video 0516	https://boldmomentsdataset.csail.mit.edu/stimuli_metadata	third-party; not included	3.07	30	268	268	92	no	f2c90662d6d8d3933800b35a1c9a9b6e2f1bd18677fdc17c3094b83ee331e7da	ffprobe + SHA-256 of BMD stimulus_set file 0516.mp4	verified
517	train	BOLD Moments Dataset video 0517	BMD stimulus set, video 0517	https://boldmomentsdataset.csail.mit.edu/stimuli_metadata	third-party; not included	3	24	268	268	72	no	9074bf86c9b8cf80e7f7fa72fc0031492dec20b38361dbfaad0efdbf19455d53	ffprobe + SHA-256 of BMD stimulus_set file 0517.mp4	verified
518	train	BOLD Moments Dataset video 0518	BMD stimulus set, video 0518	https://boldmomentsdataset.csail.mit.edu/stimuli_metadata	third-party; not included	3	30	268	268	90	no	8e9c3377ef79a960d19b3c8b60f4d10037d31379d5bc95b2c7fd98cba4eb0509	ffprobe + SHA-256 of BMD stimulus_set file 0518.mp4	verified
519	train	BOLD Moments Dataset video 0519	BMD stimulus set, video 0519	https://boldmomentsdataset.csail.mit.edu/stimuli_metadata	third-party; not included	3	15	268	268	45	no	3650d861759176c077c87b9678d96a760a385a36b24e4d8fd9f1a4482eb38446	ffprobe + SHA-256 of BMD stimulus_set file 0519.mp4	verified
520	train	BOLD Moments Dataset video 0520	BMD stimulus set, video 0520	https://boldmomentsdataset.csail.mit.edu/stimuli_metadata	third-party; not included	3.03	30	268	268	91	no	f91d01740bda82e07aa36d6dbf1f7187aca69c980eafac5df864e9077e38617e	ffprobe + SHA-256 of BMD stimulus_set file 0520.mp4	verified
521	train	BOLD Moments Dataset video 0521	BMD stimulus set, video 0521	https://boldmomentsdataset.csail.mit.edu/stimuli_metadata	third-party; not included	3	30	268	268	90	no	2b9b9f8c097b6e995705938452af333f3e735039bd315b23d405d298a3379ccd	ffprobe + SHA-256 of BMD stimulus_set file 0521.mp4	verified
522	train	BOLD Moments Dataset video 0522	BMD stimulus set, video 0522	https://boldmomentsdataset.csail.mit.edu/stimuli_metadata	third-party; not included	3	30	268	268	90	no	b9a07114caacb281c783dfc4e5359d15684c7754a6f49323e91346d8302cda02	ffprobe + SHA-256 of BMD stimulus_set file 0522.mp4	verified
523	train	BOLD Moments Dataset video 0523	BMD stimulus set, video 0523	https://boldmomentsdataset.csail.mit.edu/stimuli_metadata	third-party; not included	3	30	268	268	90	no	0ffdaa6583dedb4f6214d370829fc915b53ac6b4331efceb40f612519c4a58ec	ffprobe + SHA-256 of BMD stimulus_set file 0523.mp4	verified
524	train	BOLD Moments Dataset video 0524	BMD stimulus set, video 0524	https://boldmomentsdataset.csail.mit.edu/stimuli_metadata	third-party; not included	3	30	268	268	90	no	9ef245fb0280430901ceb4b99dc68c7a657f5a62e0b1815b220141fd20835794	ffprobe + SHA-256 of BMD stimulus_set file 0524.mp4	verified
525	train	BOLD Moments Dataset video 0525	BMD stimulus set, video 0525	https://boldmomentsdataset.csail.mit.edu/stimuli_metadata	third-party; not included	3.03	30	268	268	91	no	92c8d5c53554f8bc24b9a1f8794d71b2a2e1327bb296dbe9b2ddc80e4872cf54	ffprobe + SHA-256 of BMD stimulus_set file 0525.mp4	verified
526	train	BOLD Moments Dataset video 0526	BMD stimulus set, video 0526	https://boldmomentsdataset.csail.mit.edu/stimuli_metadata	third-party; not included	3	30	268	268	90	no	8181e1b7bddf66276e03e3f58e095c14a2de2979045c5a2371ba17b33207f08a	ffprobe + SHA-256 of BMD stimulus_set file 0526.mp4	verified
527	train	BOLD Moments Dataset video 0527	BMD stimulus set, video 0527	https://boldmomentsdataset.csail.mit.edu/stimuli_metadata	third-party; not included	3	30	268	268	90	no	1e6015efc9a0c9653c2499185fef68ef98a74c2bdcb866678f9e063598bee125	ffprobe + SHA-256 of BMD stimulus_set file 0527.mp4	verified
528	train	BOLD Moments Dataset video 0528	BMD stimulus set, video 0528	https://boldmomentsdataset.csail.mit.edu/stimuli_metadata	third-party; not included	3.03	30	268	268	91	no	83ece44c5e8163103eef9e1289acee1be9b7d287bb105bc7a83ef80084f36876	ffprobe + SHA-256 of BMD stimulus_set file 0528.mp4	verified
529	train	BOLD Moments Dataset video 0529	BMD stimulus set, video 0529	https://boldmomentsdataset.csail.mit.edu/stimuli_metadata	third-party; not included	3	30	268	268	90	no	0cfa21cbedd831e03ae1df37f1c1672d5d2d7be89319c527ca1a3343466d4485	ffprobe + SHA-256 of BMD stimulus_set file 0529.mp4	verified
530	train	BOLD Moments Dataset video 0530	BMD stimulus set, video 0530	https://boldmomentsdataset.csail.mit.edu/stimuli_metadata	third-party; not included	3	30	268	268	90	no	aaf1935559a899b09152fc714a9529ea7164508538c776ed7a90cea7f794a756	ffprobe + SHA-256 of BMD stimulus_set file 0530.mp4	verified
531	train	BOLD Moments Dataset video 0531	BMD stimulus set, video 0531	https://boldmomentsdataset.csail.mit.edu/stimuli_metadata	third-party; not included	3	30	268	268	90	no	7054f959af92421987798afcff737eaca456e7758d3070480ca9ddcd543525ad	ffprobe + SHA-256 of BMD stimulus_set file 0531.mp4	verified
532	train	BOLD Moments Dataset video 0532	BMD stimulus set, video 0532	https://boldmomentsdataset.csail.mit.edu/stimuli_metadata	third-party; not included	3	30	268	268	90	no	8edc54670bf44ac48bb3672af40979d216b05504ca9db5a2313332a20bd5b2d0	ffprobe + SHA-256 of BMD stimulus_set file 0532.mp4	verified
533	train	BOLD Moments Dataset video 0533	BMD stimulus set, video 0533	https://boldmomentsdataset.csail.mit.edu/stimuli_metadata	third-party; not included	3.03	30	268	268	91	no	4ec10a7e834f7c871d0429770caf728528c9aa912cc733298dd8c0a41db04eca	ffprobe + SHA-256 of BMD stimulus_set file 0533.mp4	verified
534	train	BOLD Moments Dataset video 0534	BMD stimulus set, video 0534	https://boldmomentsdataset.csail.mit.edu/stimuli_metadata	third-party; not included	3	30	268	268	90	no	3131027ab53b38a8cb946287be3b8c0d35311643bae9595e57862bb1a380c2ca	ffprobe + SHA-256 of BMD stimulus_set file 0534.mp4	verified
535	train	BOLD Moments Dataset video 0535	BMD stimulus set, video 0535	https://boldmomentsdataset.csail.mit.edu/stimuli_metadata	third-party; not included	3	30	268	268	90	no	a3804abea288c62d56e649cc060d40d316a372648ae904d2afebcebd59125979	ffprobe + SHA-256 of BMD stimulus_set file 0535.mp4	verified
536	train	BOLD Moments Dataset video 0536	BMD stimulus set, video 0536	https://boldmomentsdataset.csail.mit.edu/stimuli_metadata	third-party; not included	3	30	268	268	90	no	685df531f121f9dca393e643fa3c74268d420c30201301c5d035455e89b4f29c	ffprobe + SHA-256 of BMD stimulus_set file 0536.mp4	verified
537	train	BOLD Moments Dataset video 0537	BMD stimulus set, video 0537	https://boldmomentsdataset.csail.mit.edu/stimuli_metadata	third-party; not included	3	25	268	268	75	no	9b3116ee20038259b6f5e35bbaca7c92e13080b7c9e4ae0ca82ddcf8a6b5cc0b	ffprobe + SHA-256 of BMD stimulus_set file 0537.mp4	verified
538	train	BOLD Moments Dataset video 0538	BMD stimulus set, video 0538	https://boldmomentsdataset.csail.mit.edu/stimuli_metadata	third-party; not included	3	24	268	268	72	no	511791e7f4372c73e69f252b80a2f9bf89d94302a21c9783e0dbdf36ceb1ad6f	ffprobe + SHA-256 of BMD stimulus_set file 0538.mp4	verified
539	train	BOLD Moments Dataset video 0539	BMD stimulus set, video 0539	https://boldmomentsdataset.csail.mit.edu/stimuli_metadata	third-party; not included	3	24	268	268	72	no	8ac13754b546255b7ccee161aa58179c69854e735d1fa45e9241ee9bb108f341	ffprobe + SHA-256 of BMD stimulus_set file 0539.mp4	verified
540	train	BOLD Moments Dataset video 0540	BMD stimulus set, video 0540	https://boldmomentsdataset.csail.mit.edu/stimuli_metadata	third-party; not included	3	30	268	268	90	no	a488496fecda4a409552c36919017e46f3d63ca8af0ff635be7e2ed3e0f3cc55	ffprobe + SHA-256 of BMD stimulus_set file 0540.mp4	verified
541	train	BOLD Moments Dataset video 0541	BMD stimulus set, video 0541	https://boldmomentsdataset.csail.mit.edu/stimuli_metadata	third-party; not included	3	24	268	268	72	no	978cd6414e25bec17d1effdf7ee1baee9a4de64fe3a52a1ac1b11c1686fe3440	ffprobe + SHA-256 of BMD stimulus_set file 0541.mp4	verified
542	train	BOLD Moments Dataset video 0542	BMD stimulus set, video 0542	https://boldmomentsdataset.csail.mit.edu/stimuli_metadata	third-party; not included	3	24	268	268	72	no	9dec6706872bffccb5945098ea07b04ad893d3238972ee3be8b71330f6244bdd	ffprobe + SHA-256 of BMD stimulus_set file 0542.mp4	verified
543	train	BOLD Moments Dataset video 0543	BMD stimulus set, video 0543	https://boldmomentsdataset.csail.mit.edu/stimuli_metadata	third-party; not included	3	30	268	268	90	no	d6be573fb0d6aab24a7470d0900392609b24f4021f1b44e05aa9f46774ecaae3	ffprobe + SHA-256 of BMD stimulus_set file 0543.mp4	verified
544	train	BOLD Moments Dataset video 0544	BMD stimulus set, video 0544	https://boldmomentsdataset.csail.mit.edu/stimuli_metadata	third-party; not included	3	25	268	268	75	no	c81f15bcbe95c3e04fff451430dbae7bce76a59233fffccaa34d9e638c1298f9	ffprobe + SHA-256 of BMD stimulus_set file 0544.mp4	verified
545	train	BOLD Moments Dataset video 0545	BMD stimulus set, video 0545	https://boldmomentsdataset.csail.mit.edu/stimuli_metadata	third-party; not included	3.07	15	268	268	46	no	3193b35cfd1d69f9b5da54af031ee5df8c8f04143faa0c5f594c4585da60b7fb	ffprobe + SHA-256 of BMD stimulus_set file 0545.mp4	verified
546	train	BOLD Moments Dataset video 0546	BMD stimulus set, video 0546	https://boldmomentsdataset.csail.mit.edu/stimuli_metadata	third-party; not included	3	30	268	268	90	no	52aafafcf9b183058700646271340843026c9d6972675a60d3300ce1a1e99533	ffprobe + SHA-256 of BMD stimulus_set file 0546.mp4	verified
547	train	BOLD Moments Dataset video 0547	BMD stimulus set, video 0547	https://boldmomentsdataset.csail.mit.edu/stimuli_metadata	third-party; not included	3	24	268	268	72	no	0dac52f2add22f8ee4cd490b204069e1ccad3c26aa3debe96ce13e40d54097c6	ffprobe + SHA-256 of BMD stimulus_set file 0547.mp4	verified
548	train	BOLD Moments Dataset video 0548	BMD stimulus set, video 0548	https://boldmomentsdataset.csail.mit.edu/stimuli_metadata	third-party; not included	3	15	268	268	45	no	f6056a749954c6b3c1159011d95169fa92ec9d0a619f5b521756e986475254d3	ffprobe + SHA-256 of BMD stimulus_set file 0548.mp4	verified
549	train	BOLD Moments Dataset video 0549	BMD stimulus set, video 0549	https://boldmomentsdataset.csail.mit.edu/stimuli_metadata	third-party; not included	3	30	268	268	90	no	7a439dd5dbadafb3d75b90fef71ad043d35cdde7812a47d1174d641d5a974f87	ffprobe + SHA-256 of BMD stimulus_set file 0549.mp4	verified
550	train	BOLD Moments Dataset video 0550	BMD stimulus set, video 0550	https://boldmomentsdataset.csail.mit.edu/stimuli_metadata	third-party; not included	3	24	268	268	72	no	5a722e40f6f26d9d91261dfef410a99cce6421b2137ed804a88071ce8bc93185	ffprobe + SHA-256 of BMD stimulus_set file 0550.mp4	verified
551	train	BOLD Moments Dataset video 0551	BMD stimulus set, video 0551	https://boldmomentsdataset.csail.mit.edu/stimuli_metadata	third-party; not included	3.03	30	268	268	91	no	06d8a9fd6c033af19c1ca752d44f94d9ca878852f544f738eb446391f0b61e65	ffprobe + SHA-256 of BMD stimulus_set file 0551.mp4	verified
552	train	BOLD Moments Dataset video 0552	BMD stimulus set, video 0552	https://boldmomentsdataset.csail.mit.edu/stimuli_metadata	third-party; not included	3.07	30	268	268	92	no	e775d61985c214aa5811d5645ea463985d6e075e722c0a47cff527d7f6e97814	ffprobe + SHA-256 of BMD stimulus_set file 0552.mp4	verified
553	train	BOLD Moments Dataset video 0553	BMD stimulus set, video 0553	https://boldmomentsdataset.csail.mit.edu/stimuli_metadata	third-party; not included	3	30	268	268	90	no	c0048fe7952afad78e18ca448bdbe127439148939fc1f7429a458c64836fb8c6	ffprobe + SHA-256 of BMD stimulus_set file 0553.mp4	verified
554	train	BOLD Moments Dataset video 0554	BMD stimulus set, video 0554	https://boldmomentsdataset.csail.mit.edu/stimuli_metadata	third-party; not included	3	30	268	268	90	no	be68ea53479b354bd8390d56e4fd5fcb186eff12f1b1d1203d77e717b52d6f7a	ffprobe + SHA-256 of BMD stimulus_set file 0554.mp4	verified
555	train	BOLD Moments Dataset video 0555	BMD stimulus set, video 0555	https://boldmomentsdataset.csail.mit.edu/stimuli_metadata	third-party; not included	3	30	268	268	90	no	d575b84d5740186fc1b3817bd25d1f210ec7d2576978ac5e57ac48a8a2b6ca6f	ffprobe + SHA-256 of BMD stimulus_set file 0555.mp4	verified
556	train	BOLD Moments Dataset video 0556	BMD stimulus set, video 0556	https://boldmomentsdataset.csail.mit.edu/stimuli_metadata	third-party; not included	3	24	268	268	72	no	b81196f9a1dc98bbe0fb5542d33fb26295538d7c3d01323b838eb8e3e23e5357	ffprobe + SHA-256 of BMD stimulus_set file 0556.mp4	verified
557	train	BOLD Moments Dataset video 0557	BMD stimulus set, video 0557	https://boldmomentsdataset.csail.mit.edu/stimuli_metadata	third-party; not included	3	24	268	268	72	no	7c508b0a29834cbf13875c8bab49792ab4d19d9320c241ec277d97ec4e5775d6	ffprobe + SHA-256 of BMD stimulus_set file 0557.mp4	verified
558	train	BOLD Moments Dataset video 0558	BMD stimulus set, video 0558	https://boldmomentsdataset.csail.mit.edu/stimuli_metadata	third-party; not included	3	24	268	268	72	no	b1c8a2180583cf98734cce9541d87788a21d853027d45cb9a0532f186d3c7d92	ffprobe + SHA-256 of BMD stimulus_set file 0558.mp4	verified
559	train	BOLD Moments Dataset video 0559	BMD stimulus set, video 0559	https://boldmomentsdataset.csail.mit.edu/stimuli_metadata	third-party; not included	3	30	268	268	90	no	f46a0efaa64b53d0778a74518680ca9e265106bcc59162bb66743a60e953bf7a	ffprobe + SHA-256 of BMD stimulus_set file 0559.mp4	verified
560	train	BOLD Moments Dataset video 0560	BMD stimulus set, video 0560	https://boldmomentsdataset.csail.mit.edu/stimuli_metadata	third-party; not included	3	30	268	268	90	no	0ecea3aa38b5e216eb7c6696adb8a5d0daf4bf0141413fa243d93c9b3e8c97db	ffprobe + SHA-256 of BMD stimulus_set file 0560.mp4	verified
561	train	BOLD Moments Dataset video 0561	BMD stimulus set, video 0561	https://boldmomentsdataset.csail.mit.edu/stimuli_metadata	third-party; not included	3	30	268	268	90	no	359a31d2c5bec70495451a88943e5d8b00e633d2a81d32e254558cb398a56df3	ffprobe + SHA-256 of BMD stimulus_set file 0561.mp4	verified
562	train	BOLD Moments Dataset video 0562	BMD stimulus set, video 0562	https://boldmomentsdataset.csail.mit.edu/stimuli_metadata	third-party; not included	3	25	268	268	75	no	1b2eb5fbc40ab3f90beea9e79555fa654d8ed1067e29ba795eef4673b55983c0	ffprobe + SHA-256 of BMD stimulus_set file 0562.mp4	verified
563	train	BOLD Moments Dataset video 0563	BMD stimulus set, video 0563	https://boldmomentsdataset.csail.mit.edu/stimuli_metadata	third-party; not included	3	30	268	268	90	no	4ede855e8055b3c4f6f4b420c5f19b58926110ff7a57fa8b381fd1cb57ef11a5	ffprobe + SHA-256 of BMD stimulus_set file 0563.mp4	verified
564	train	BOLD Moments Dataset video 0564	BMD stimulus set, video 0564	https://boldmomentsdataset.csail.mit.edu/stimuli_metadata	third-party; not included	3	24	268	268	72	no	5efb432f4355d6c82fb5c7ba09534f7e9a10e316c2ca23a066ff154e3d257425	ffprobe + SHA-256 of BMD stimulus_set file 0564.mp4	verified
565	train	BOLD Moments Dataset video 0565	BMD stimulus set, video 0565	https://boldmomentsdataset.csail.mit.edu/stimuli_metadata	third-party; not included	3	30	268	268	90	no	c1ef9c252c18155848498f279db0f880a9941a0e343f07642c28ab4edbcb7c1f	ffprobe + SHA-256 of BMD stimulus_set file 0565.mp4	verified
566	train	BOLD Moments Dataset video 0566	BMD stimulus set, video 0566	https://boldmomentsdataset.csail.mit.edu/stimuli_metadata	third-party; not included	3	24	268	268	72	no	b6bc494f12169a943e166508a0ce99f0b10a7ccf7f661fee75aa585e1e652bcd	ffprobe + SHA-256 of BMD stimulus_set file 0566.mp4	verified
567	train	BOLD Moments Dataset video 0567	BMD stimulus set, video 0567	https://boldmomentsdataset.csail.mit.edu/stimuli_metadata	third-party; not included	3.03	30	268	268	91	no	650add42780f5916527ebc819695624e14dba3ddddd31d1e1853bc09cc4fc7b6	ffprobe + SHA-256 of BMD stimulus_set file 0567.mp4	verified
568	train	BOLD Moments Dataset video 0568	BMD stimulus set, video 0568	https://boldmomentsdataset.csail.mit.edu/stimuli_metadata	third-party; not included	3	24	268	268	72	no	930cbd3ad7c1c4d150db27654f29aedd4c1e5550099cd3b72dd77c29d0c065a1	ffprobe + SHA-256 of BMD stimulus_set file 0568.mp4	verified
569	train	BOLD Moments Dataset video 0569	BMD stimulus set, video 0569	https://boldmomentsdataset.csail.mit.edu/stimuli_metadata	third-party; not included	3	25	268	268	75	no	070cb041514c1e1ed9ceca24fc5c922d25491cb52f4a0b16808252d63f9e2058	ffprobe + SHA-256 of BMD stimulus_set file 0569.mp4	verified
570	train	BOLD Moments Dataset video 0570	BMD stimulus set, video 0570	https://boldmomentsdataset.csail.mit.edu/stimuli_metadata	third-party; not included	3	30	268	268	90	no	1d7d3110924eb587479d0ac243ace12139652a359aeb7a977d8562af047cbb24	ffprobe + SHA-256 of BMD stimulus_set file 0570.mp4	verified
571	train	BOLD Moments Dataset video 0571	BMD stimulus set, video 0571	https://boldmomentsdataset.csail.mit.edu/stimuli_metadata	third-party; not included	3.03	30	268	268	91	no	f3afa3b82d7879353d2554a11ed04f63248a0bc45c11043463083ca66d5bb85d	ffprobe + SHA-256 of BMD stimulus_set file 0571.mp4	verified
572	train	BOLD Moments Dataset video 0572	BMD stimulus set, video 0572	https://boldmomentsdataset.csail.mit.edu/stimuli_metadata	third-party; not included	3	20	268	268	60	no	badf28a7a4fbfe9db7c36f574be24430134a8c020ff537746899566ffe6c1b97	ffprobe + SHA-256 of BMD stimulus_set file 0572.mp4	verified
573	train	BOLD Moments Dataset video 0573	BMD stimulus set, video 0573	https://boldmomentsdataset.csail.mit.edu/stimuli_metadata	third-party; not included	3	25	268	268	75	no	3b682ad66e9d0aab886905f9bee063d1aa27dd14930d9bcc4688884d4f18a5ce	ffprobe + SHA-256 of BMD stimulus_set file 0573.mp4	verified
574	train	BOLD Moments Dataset video 0574	BMD stimulus set, video 0574	https://boldmomentsdataset.csail.mit.edu/stimuli_metadata	third-party; not included	3	30	268	268	90	no	e2855f7030ffce38dcd918765b90b9ac208decc8b9d6f03c7b6b902fa430ae53	ffprobe + SHA-256 of BMD stimulus_set file 0574.mp4	verified
575	train	BOLD Moments Dataset video 0575	BMD stimulus set, video 0575	https://boldmomentsdataset.csail.mit.edu/stimuli_metadata	third-party; not included	3	30	268	268	90	no	a40f5bcc2f1684f47ef71b49483593ec5ff56acd6d902e80ced2275f981376cf	ffprobe + SHA-256 of BMD stimulus_set file 0575.mp4	verified
576	train	BOLD Moments Dataset video 0576	BMD stimulus set, video 0576	https://boldmomentsdataset.csail.mit.edu/stimuli_metadata	third-party; not included	3.03	30	268	268	91	no	cc792998d6b57147b3e279cb5c1f03d4bc4ba0fe18db71ffbb6d60210992b5df	ffprobe + SHA-256 of BMD stimulus_set file 0576.mp4	verified
577	train	BOLD Moments Dataset video 0577	BMD stimulus set, video 0577	https://boldmomentsdataset.csail.mit.edu/stimuli_metadata	third-party; not included	3	30	268	268	90	no	7c389412d6d9695c3109c153603e87033a3cc2b9926f45d444e85b733c860e7c	ffprobe + SHA-256 of BMD stimulus_set file 0577.mp4	verified
578	train	BOLD Moments Dataset video 0578	BMD stimulus set, video 0578	https://boldmomentsdataset.csail.mit.edu/stimuli_metadata	third-party; not included	3	25	268	268	75	no	0a2bf5fe8de5e31f0a837d07c522ab6c6983b8a0a4af85b4496b27f9c818d629	ffprobe + SHA-256 of BMD stimulus_set file 0578.mp4	verified
579	train	BOLD Moments Dataset video 0579	BMD stimulus set, video 0579	https://boldmomentsdataset.csail.mit.edu/stimuli_metadata	third-party; not included	3.08	24	268	268	74	no	076ab693f6ffed40bb43dc231b56805344b6231374fa1ac8cbc3db6e3ed7ad77	ffprobe + SHA-256 of BMD stimulus_set file 0579.mp4	verified
580	train	BOLD Moments Dataset video 0580	BMD stimulus set, video 0580	https://boldmomentsdataset.csail.mit.edu/stimuli_metadata	third-party; not included	3	30	268	268	90	no	aab6a468789d47ad0655c5cfcda85a45b96e13804e41d17ff4bc46409ecb47d6	ffprobe + SHA-256 of BMD stimulus_set file 0580.mp4	verified
581	train	BOLD Moments Dataset video 0581	BMD stimulus set, video 0581	https://boldmomentsdataset.csail.mit.edu/stimuli_metadata	third-party; not included	3.03	30	268	268	91	no	5a5a2aaa7a0ea40aed8e0d00c4da68db1b60d69864af7f92e584dde684fe44a7	ffprobe + SHA-256 of BMD stimulus_set file 0581.mp4	verified
582	train	BOLD Moments Dataset video 0582	BMD stimulus set, video 0582	https://boldmomentsdataset.csail.mit.edu/stimuli_metadata	third-party; not included	3	30	268	268	90	no	3be1841c4483cc2d76585f217aa8c93508ebc4a630dfa7d4b525c3a822c191e8	ffprobe + SHA-256 of BMD stimulus_set file 0582.mp4	verified
583	train	BOLD Moments Dataset video 0583	BMD stimulus set, video 0583	https://boldmomentsdataset.csail.mit.edu/stimuli_metadata	third-party; not included	3	25	268	268	75	no	2d7e19f77d3dcd545b84dbe56aab5d9e1cf08c98c8861d6656bcf491db320b82	ffprobe + SHA-256 of BMD stimulus_set file 0583.mp4	verified
584	train	BOLD Moments Dataset video 0584	BMD stimulus set, video 0584	https://boldmomentsdataset.csail.mit.edu/stimuli_metadata	third-party; not included	3	30	268	268	90	no	ec53f347679c5cb5d7bc70ec216a5ac82ac0220364038b26506494bfe362c494	ffprobe + SHA-256 of BMD stimulus_set file 0584.mp4	verified
585	train	BOLD Moments Dataset video 0585	BMD stimulus set, video 0585	https://boldmomentsdataset.csail.mit.edu/stimuli_metadata	third-party; not included	3	24	268	268	72	no	8e459acb12bc64066c27bfad7896d6ce71d73912dc8cdd3f86e07b020fdd9a9e	ffprobe + SHA-256 of BMD stimulus_set file 0585.mp4	verified
586	train	BOLD Moments Dataset video 0586	BMD stimulus set, video 0586	https://boldmomentsdataset.csail.mit.edu/stimuli_metadata	third-party; not included	3	30	268	268	90	no	dfaa349d0cb4778e23aa00588284648beca9f83695cb291941998410ddc26d59	ffprobe + SHA-256 of BMD stimulus_set file 0586.mp4	verified
587	train	BOLD Moments Dataset video 0587	BMD stimulus set, video 0587	https://boldmomentsdataset.csail.mit.edu/stimuli_metadata	third-party; not included	3	24	268	268	72	no	c28eae8337b7278ef977b6db0f24ef90dbee826d9f8a262ffd33314c4dd20200	ffprobe + SHA-256 of BMD stimulus_set file 0587.mp4	verified
588	train	BOLD Moments Dataset video 0588	BMD stimulus set, video 0588	https://boldmomentsdataset.csail.mit.edu/stimuli_metadata	third-party; not included	3	30	268	268	90	no	f359a36e2cbaf0b68e742830dbf3512f204c42a0dd70cfb466ca609191c216de	ffprobe + SHA-256 of BMD stimulus_set file 0588.mp4	verified
589	train	BOLD Moments Dataset video 0589	BMD stimulus set, video 0589	https://boldmomentsdataset.csail.mit.edu/stimuli_metadata	third-party; not included	3	30	268	268	90	no	5d2335d074cdcb1a5bee09350f66f1b63e6b76906530b290890beab600398710	ffprobe + SHA-256 of BMD stimulus_set file 0589.mp4	verified
590	train	BOLD Moments Dataset video 0590	BMD stimulus set, video 0590	https://boldmomentsdataset.csail.mit.edu/stimuli_metadata	third-party; not included	3	30	268	268	90	no	85c398f904c467bb3e0207ba3955dbe7ca960b84202abdf03fb70df796b7706c	ffprobe + SHA-256 of BMD stimulus_set file 0590.mp4	verified
591	train	BOLD Moments Dataset video 0591	BMD stimulus set, video 0591	https://boldmomentsdataset.csail.mit.edu/stimuli_metadata	third-party; not included	3.03	30	268	268	91	no	dfaae2e49da3e335c86ef46111e1aa50e1853f6b02b8765223c556c7dd828bc1	ffprobe + SHA-256 of BMD stimulus_set file 0591.mp4	verified
592	train	BOLD Moments Dataset video 0592	BMD stimulus set, video 0592	https://boldmomentsdataset.csail.mit.edu/stimuli_metadata	third-party; not included	3	15	268	268	45	no	77fd883d6169d38e58706cc17a37ee400f44d4c228b582ce983d15f24173458d	ffprobe + SHA-256 of BMD stimulus_set file 0592.mp4	verified
593	train	BOLD Moments Dataset video 0593	BMD stimulus set, video 0593	https://boldmomentsdataset.csail.mit.edu/stimuli_metadata	third-party; not included	3	30	268	268	90	no	79f3ae76a60734638350712c2983fcc3db72bd61f8f148eec0a445535ce42930	ffprobe + SHA-256 of BMD stimulus_set file 0593.mp4	verified
594	train	BOLD Moments Dataset video 0594	BMD stimulus set, video 0594	https://boldmomentsdataset.csail.mit.edu/stimuli_metadata	third-party; not included	3	30	268	268	90	no	470e0b62e826de80b379d49af13d9623c99897904202ef330aacab0d9f6787b1	ffprobe + SHA-256 of BMD stimulus_set file 0594.mp4	verified
595	train	BOLD Moments Dataset video 0595	BMD stimulus set, video 0595	https://boldmomentsdataset.csail.mit.edu/stimuli_metadata	third-party; not included	3	30	268	268	90	no	3c990c8f5bfa2e49bc42e69545214a40de3f4c977eb627c33b20d758ca2e4279	ffprobe + SHA-256 of BMD stimulus_set file 0595.mp4	verified
596	train	BOLD Moments Dataset video 0596	BMD stimulus set, video 0596	https://boldmomentsdataset.csail.mit.edu/stimuli_metadata	third-party; not included	3	30	268	268	90	no	034b548d232aa339d6867668e74263e774e56b25e03bfdfa4878ee6f696d74ae	ffprobe + SHA-256 of BMD stimulus_set file 0596.mp4	verified
597	train	BOLD Moments Dataset video 0597	BMD stimulus set, video 0597	https://boldmomentsdataset.csail.mit.edu/stimuli_metadata	third-party; not included	3	25	268	268	75	no	df9b6399e5e8f88b38ecf9f61a07e4b80047417de4e5e41041e1002fe502f455	ffprobe + SHA-256 of BMD stimulus_set file 0597.mp4	verified
598	train	BOLD Moments Dataset video 0598	BMD stimulus set, video 0598	https://boldmomentsdataset.csail.mit.edu/stimuli_metadata	third-party; not included	3	30	268	268	90	no	a32b4465dc146b9b30dda04a46cf9f1c35dc3b013b965c3764a994edf11f2f70	ffprobe + SHA-256 of BMD stimulus_set file 0598.mp4	verified
599	train	BOLD Moments Dataset video 0599	BMD stimulus set, video 0599	https://boldmomentsdataset.csail.mit.edu/stimuli_metadata	third-party; not included	3	25	268	268	75	no	632646fb97aa2441114ae1cfa980547bc721351a8d3b3ac0098365d3d7017cba	ffprobe + SHA-256 of BMD stimulus_set file 0599.mp4	verified
600	train	BOLD Moments Dataset video 0600	BMD stimulus set, video 0600	https://boldmomentsdataset.csail.mit.edu/stimuli_metadata	third-party; not included	3	30	268	268	90	no	a84ee1674ca7508667e8faaf6310531577b2455c306297424cc22091ae021226	ffprobe + SHA-256 of BMD stimulus_set file 0600.mp4	verified
601	train	BOLD Moments Dataset video 0601	BMD stimulus set, video 0601	https://boldmomentsdataset.csail.mit.edu/stimuli_metadata	third-party; not included	3	30	268	268	90	no	6b6d3acc90b56724c75d415fb075664326324d87a1be1bad4dc0a5d90849a7b1	ffprobe + SHA-256 of BMD stimulus_set file 0601.mp4	verified
602	train	BOLD Moments Dataset video 0602	BMD stimulus set, video 0602	https://boldmomentsdataset.csail.mit.edu/stimuli_metadata	third-party; not included	3	30	268	268	90	no	61da8fca5f47e08dfdb9ea67c901e5cb43302bb88b432e65cd4ecce56c098f00	ffprobe + SHA-256 of BMD stimulus_set file 0602.mp4	verified
603	train	BOLD Moments Dataset video 0603	BMD stimulus set, video 0603	https://boldmomentsdataset.csail.mit.edu/stimuli_metadata	third-party; not included	3	24	268	268	72	no	60d18eb6841ae09b4777ce658db12bc44468f7f6501aaaf34d3be37cae35ff08	ffprobe + SHA-256 of BMD stimulus_set file 0603.mp4	verified
604	train	BOLD Moments Dataset video 0604	BMD stimulus set, video 0604	https://boldmomentsdataset.csail.mit.edu/stimuli_metadata	third-party; not included	3	30	268	268	90	no	4ddfd411049c66bed370c6a22fcf358ab0f1923cab33762895134b65443a621d	ffprobe + SHA-256 of BMD stimulus_set file 0604.mp4	verified
605	train	BOLD Moments Dataset video 0605	BMD stimulus set, video 0605	https://boldmomentsdataset.csail.mit.edu/stimuli_metadata	third-party; not included	3	30	268	268	90	no	09a5339900a5f094dfbd6cf8da6512619142b29017590ce96bf540a2df2ac85e	ffprobe + SHA-256 of BMD stimulus_set file 0605.mp4	verified
606	train	BOLD Moments Dataset video 0606	BMD stimulus set, video 0606	https://boldmomentsdataset.csail.mit.edu/stimuli_metadata	third-party; not included	3	24	268	268	72	no	bb2723bf2b6f0357b4062ee09473d7d0479ff97c79a3876ebdfcdf8cfaa06a92	ffprobe + SHA-256 of BMD stimulus_set file 0606.mp4	verified
607	train	BOLD Moments Dataset video 0607	BMD stimulus set, video 0607	https://boldmomentsdataset.csail.mit.edu/stimuli_metadata	third-party; not included	3	30	268	268	90	no	23a81673ae999605afe9f8a1695c13a9e329d972942a8f4b80e760874a53f21a	ffprobe + SHA-256 of BMD stimulus_set file 0607.mp4	verified
608	train	BOLD Moments Dataset video 0608	BMD stimulus set, video 0608	https://boldmomentsdataset.csail.mit.edu/stimuli_metadata	third-party; not included	3	25	268	268	75	no	9b211f3dc8d4fb9db3f6f6ffe0dc07fd11caa23ac3966c64a649bb46932f6732	ffprobe + SHA-256 of BMD stimulus_set file 0608.mp4	verified
609	train	BOLD Moments Dataset video 0609	BMD stimulus set, video 0609	https://boldmomentsdataset.csail.mit.edu/stimuli_metadata	third-party; not included	3	30	268	268	90	no	ff1f8e500f6d4ca189909b5c6cbaa8faa9c0a16dbad765c7f34e1242e58dbef9	ffprobe + SHA-256 of BMD stimulus_set file 0609.mp4	verified
610	train	BOLD Moments Dataset video 0610	BMD stimulus set, video 0610	https://boldmomentsdataset.csail.mit.edu/stimuli_metadata	third-party; not included	3	30	268	268	90	no	019f2586221eafcb7b7c20a14771458487ca1056c0ecd07a367750317d1ca2d2	ffprobe + SHA-256 of BMD stimulus_set file 0610.mp4	verified
611	train	BOLD Moments Dataset video 0611	BMD stimulus set, video 0611	https://boldmomentsdataset.csail.mit.edu/stimuli_metadata	third-party; not included	3.03	30	268	268	91	no	77e886b4824d865e657afcd7122e0ea62635608a806504b4e4a1058c45a4867b	ffprobe + SHA-256 of BMD stimulus_set file 0611.mp4	verified
612	train	BOLD Moments Dataset video 0612	BMD stimulus set, video 0612	https://boldmomentsdataset.csail.mit.edu/stimuli_metadata	third-party; not included	3	30	268	268	90	no	cd4ed14f089b2f5073ef86eb805ebe8fd3e03ccb987abc2d9641547c4196d47a	ffprobe + SHA-256 of BMD stimulus_set file 0612.mp4	verified
613	train	BOLD Moments Dataset video 0613	BMD stimulus set, video 0613	https://boldmomentsdataset.csail.mit.edu/stimuli_metadata	third-party; not included	3.03	30	268	268	91	no	79dbef2b756e29bae2d75a1d222b61904fad2a8e2ec0a4d58a7290a9df0d1e04	ffprobe + SHA-256 of BMD stimulus_set file 0613.mp4	verified
614	train	BOLD Moments Dataset video 0614	BMD stimulus set, video 0614	https://boldmomentsdataset.csail.mit.edu/stimuli_metadata	third-party; not included	3	24	268	268	72	no	2db2e5de22188f78a7639e2b7ac10a214ef5227477c4a30edc1a09be807ae80a	ffprobe + SHA-256 of BMD stimulus_set file 0614.mp4	verified
615	train	BOLD Moments Dataset video 0615	BMD stimulus set, video 0615	https://boldmomentsdataset.csail.mit.edu/stimuli_metadata	third-party; not included	3	24	268	268	72	no	1533451f2c27b23838780230145b5f6f9fa8bfbc421ba06a8b96f373cd902518	ffprobe + SHA-256 of BMD stimulus_set file 0615.mp4	verified
616	train	BOLD Moments Dataset video 0616	BMD stimulus set, video 0616	https://boldmomentsdataset.csail.mit.edu/stimuli_metadata	third-party; not included	3	30	268	268	90	no	0f561f7ef9ec68f581484b6a5f5f550ebedf48657319ecf5e1059789eeeb5604	ffprobe + SHA-256 of BMD stimulus_set file 0616.mp4	verified
617	train	BOLD Moments Dataset video 0617	BMD stimulus set, video 0617	https://boldmomentsdataset.csail.mit.edu/stimuli_metadata	third-party; not included	3	30	268	268	90	no	8c6f6bda95e4ec2a04a763189f3524464db1fff78501d2c9138e956d18a84b7c	ffprobe + SHA-256 of BMD stimulus_set file 0617.mp4	verified
618	train	BOLD Moments Dataset video 0618	BMD stimulus set, video 0618	https://boldmomentsdataset.csail.mit.edu/stimuli_metadata	third-party; not included	3	24	268	268	72	no	739abaaa035297b90d3a15004bfc77fd1ac274e739fbb3720b06536365a16d41	ffprobe + SHA-256 of BMD stimulus_set file 0618.mp4	verified
619	train	BOLD Moments Dataset video 0619	BMD stimulus set, video 0619	https://boldmomentsdataset.csail.mit.edu/stimuli_metadata	third-party; not included	3	30	268	268	90	no	c61ba37d1b7f0f79159fde00972ad547a3dc8d68171ecbd5b5c6e124837b0fe8	ffprobe + SHA-256 of BMD stimulus_set file 0619.mp4	verified
620	train	BOLD Moments Dataset video 0620	BMD stimulus set, video 0620	https://boldmomentsdataset.csail.mit.edu/stimuli_metadata	third-party; not included	3	30	268	268	90	no	aab651e1ab12acfd49af4ead15dd94008d9f89b5e3554906fd4c24ed7a9340a4	ffprobe + SHA-256 of BMD stimulus_set file 0620.mp4	verified
621	train	BOLD Moments Dataset video 0621	BMD stimulus set, video 0621	https://boldmomentsdataset.csail.mit.edu/stimuli_metadata	third-party; not included	3.03	30	268	268	91	no	12b7d2bfca4dcc77ca3475e74ed0f9bc26fbcb24cf60dff7c5a9aa191d72403c	ffprobe + SHA-256 of BMD stimulus_set file 0621.mp4	verified
622	train	BOLD Moments Dataset video 0622	BMD stimulus set, video 0622	https://boldmomentsdataset.csail.mit.edu/stimuli_metadata	third-party; not included	3	15	268	268	45	no	832480304c8529f89c36b55e70e4f455e69d2feef23bd433059a935a4eadf9c5	ffprobe + SHA-256 of BMD stimulus_set file 0622.mp4	verified
623	train	BOLD Moments Dataset video 0623	BMD stimulus set, video 0623	https://boldmomentsdataset.csail.mit.edu/stimuli_metadata	third-party; not included	3	30	268	268	90	no	3e8551571c649898fbfa70acb8d33c44f4323ed1f5ed32c5b07709d95376fab8	ffprobe + SHA-256 of BMD stimulus_set file 0623.mp4	verified
624	train	BOLD Moments Dataset video 0624	BMD stimulus set, video 0624	https://boldmomentsdataset.csail.mit.edu/stimuli_metadata	third-party; not included	3	30	268	268	90	no	c40457f26b20a5c83b8f50bb98cc37a7f88cad0b1ba0bc6e9d2e464e97bada4b	ffprobe + SHA-256 of BMD stimulus_set file 0624.mp4	verified
625	train	BOLD Moments Dataset video 0625	BMD stimulus set, video 0625	https://boldmomentsdataset.csail.mit.edu/stimuli_metadata	third-party; not included	3	30	268	268	90	no	1dba4ed02db3becd00e24fef4efb160df33c77d1f9a61ddafacb0e10322a71d1	ffprobe + SHA-256 of BMD stimulus_set file 0625.mp4	verified
626	train	BOLD Moments Dataset video 0626	BMD stimulus set, video 0626	https://boldmomentsdataset.csail.mit.edu/stimuli_metadata	third-party; not included	3.04	24	268	268	73	no	c2d84a96458e793160aa961b612f954170064488229b251367dd6380a2d39f09	ffprobe + SHA-256 of BMD stimulus_set file 0626.mp4	verified
627	train	BOLD Moments Dataset video 0627	BMD stimulus set, video 0627	https://boldmomentsdataset.csail.mit.edu/stimuli_metadata	third-party; not included	3	30	268	268	90	no	86d909983a797b392c7d8c504ce41e702f3069fc93d8cb8d2b9533a59d6288bc	ffprobe + SHA-256 of BMD stimulus_set file 0627.mp4	verified
628	train	BOLD Moments Dataset video 0628	BMD stimulus set, video 0628	https://boldmomentsdataset.csail.mit.edu/stimuli_metadata	third-party; not included	3	25	268	268	75	no	62bab8161e73757b1a7fb37f7248dd01dbca3aeec40d651737596567a257b6bf	ffprobe + SHA-256 of BMD stimulus_set file 0628.mp4	verified
629	train	BOLD Moments Dataset video 0629	BMD stimulus set, video 0629	https://boldmomentsdataset.csail.mit.edu/stimuli_metadata	third-party; not included	3	30	268	268	90	no	11d36a329c1fc8aab1eaa41e2db0c7241b1d5897a72d229bd767876d83ba48a2	ffprobe + SHA-256 of BMD stimulus_set file 0629.mp4	verified
630	train	BOLD Moments Dataset video 0630	BMD stimulus set, video 0630	https://boldmomentsdataset.csail.mit.edu/stimuli_metadata	third-party; not included	3	24	268	268	72	no	94510549c7c4d47bfd01cf4067f3974133e688bb35e712e8da0eb24e39a63646	ffprobe + SHA-256 of BMD stimulus_set file 0630.mp4	verified
631	train	BOLD Moments Dataset video 0631	BMD stimulus set, video 0631	https://boldmomentsdataset.csail.mit.edu/stimuli_metadata	third-party; not included	3	30	268	268	90	no	7d1afc47782ff6fe04c0834fa67e6ddc8febfa77290dfa12bd95adaf12fc2ac3	ffprobe + SHA-256 of BMD stimulus_set file 0631.mp4	verified
632	train	BOLD Moments Dataset video 0632	BMD stimulus set, video 0632	https://boldmomentsdataset.csail.mit.edu/stimuli_metadata	third-party; not included	3	15	268	268	45	no	dbb4f74a1065c4b98aa90937fbf07cf0859fbee479961758c2d5f21a3855f7e9	ffprobe + SHA-256 of BMD stimulus_set file 0632.mp4	verified
633	train	BOLD Moments Dataset video 0633	BMD stimulus set, video 0633	https://boldmomentsdataset.csail.mit.edu/stimuli_metadata	third-party; not included	3.03	30	268	268	91	no	43c1f7088ca4ec058e865dfbc4bd9561142ef17a9b82f9921d4e9b3de30c451a	ffprobe + SHA-256 of BMD stimulus_set file 0633.mp4	verified
634	train	BOLD Moments Dataset video 0634	BMD stimulus set, video 0634	https://boldmomentsdataset.csail.mit.edu/stimuli_metadata	third-party; not included	3	25	268	268	75	no	c794f9597e3194971644c821b0479194d88a2e581c8b6c47d86fdbf47ae1947d	ffprobe + SHA-256 of BMD stimulus_set file 0634.mp4	verified
635	train	BOLD Moments Dataset video 0635	BMD stimulus set, video 0635	https://boldmomentsdataset.csail.mit.edu/stimuli_metadata	third-party; not included	3	30	268	268	90	no	18eb48720c2400eb2cce526a449d25243af7fa6b756e6305ecd13b49210ea884	ffprobe + SHA-256 of BMD stimulus_set file 0635.mp4	verified
636	train	BOLD Moments Dataset video 0636	BMD stimulus set, video 0636	https://boldmomentsdataset.csail.mit.edu/stimuli_metadata	third-party; not included	3	30	268	268	90	no	f420f0aa5380fcaa3ba6484e26cbe4105c6b9c43d7fd822f9a85d7c5e253939f	ffprobe + SHA-256 of BMD stimulus_set file 0636.mp4	verified
637	train	BOLD Moments Dataset video 0637	BMD stimulus set, video 0637	https://boldmomentsdataset.csail.mit.edu/stimuli_metadata	third-party; not included	3	30	268	268	90	no	57b0d7dd2809e939155e503799ccdfb86dc7d10ca618c98fdc8bd77b13e7a7a3	ffprobe + SHA-256 of BMD stimulus_set file 0637.mp4	verified
638	train	BOLD Moments Dataset video 0638	BMD stimulus set, video 0638	https://boldmomentsdataset.csail.mit.edu/stimuli_metadata	third-party; not included	3	30	268	268	90	no	13aaed8f958947e1feef65010558a54dc157ca9d85dc3d4616d5d0a1d3f1362c	ffprobe + SHA-256 of BMD stimulus_set file 0638.mp4	verified
639	train	BOLD Moments Dataset video 0639	BMD stimulus set, video 0639	https://boldmomentsdataset.csail.mit.edu/stimuli_metadata	third-party; not included	3	30	268	268	90	no	9ef5e9a412e4d8759a17f8a155ff7d55d2606d2bedceb6c4ab0200771f1c7f4a	ffprobe + SHA-256 of BMD stimulus_set file 0639.mp4	verified
640	train	BOLD Moments Dataset video 0640	BMD stimulus set, video 0640	https://boldmomentsdataset.csail.mit.edu/stimuli_metadata	third-party; not included	3	30	268	268	90	no	aea8fc9e471e0b814163ac18426000d7948ab8c20d09e85b9b610e7880a3bdac	ffprobe + SHA-256 of BMD stimulus_set file 0640.mp4	verified
641	train	BOLD Moments Dataset video 0641	BMD stimulus set, video 0641	https://boldmomentsdataset.csail.mit.edu/stimuli_metadata	third-party; not included	3	30	268	268	90	no	6a7ab5db883721b7d8b2930ffa9ef51c76110e950eae1d0e66e5f3dceb2bdc35	ffprobe + SHA-256 of BMD stimulus_set file 0641.mp4	verified
642	train	BOLD Moments Dataset video 0642	BMD stimulus set, video 0642	https://boldmomentsdataset.csail.mit.edu/stimuli_metadata	third-party; not included	3	30	268	268	90	no	36bdcb686b9bcf440634f1b000cd37f9e8a1c0b9d2e2387e90965f712794f983	ffprobe + SHA-256 of BMD stimulus_set file 0642.mp4	verified
643	train	BOLD Moments Dataset video 0643	BMD stimulus set, video 0643	https://boldmomentsdataset.csail.mit.edu/stimuli_metadata	third-party; not included	3	24	268	268	72	no	77a741ef77250c0c37dedf37544fb7e9ce832d64f8b64b5e812588ad429a8e25	ffprobe + SHA-256 of BMD stimulus_set file 0643.mp4	verified
644	train	BOLD Moments Dataset video 0644	BMD stimulus set, video 0644	https://boldmomentsdataset.csail.mit.edu/stimuli_metadata	third-party; not included	3.04	24	268	268	73	no	958859ec1f76c2127f88be33b2950fa65e369f1bb4320d34fc999f7637623be9	ffprobe + SHA-256 of BMD stimulus_set file 0644.mp4	verified
645	train	BOLD Moments Dataset video 0645	BMD stimulus set, video 0645	https://boldmomentsdataset.csail.mit.edu/stimuli_metadata	third-party; not included	3	30	268	268	90	no	346d5c3f62bc00a12a7d199ce6f6d03902a62859dc0e52aaebba9b7dc902d8de	ffprobe + SHA-256 of BMD stimulus_set file 0645.mp4	verified
646	train	BOLD Moments Dataset video 0646	BMD stimulus set, video 0646	https://boldmomentsdataset.csail.mit.edu/stimuli_metadata	third-party; not included	3	30	268	268	90	no	11347bf9c42c53f7841bef0bd485531e27105c3295c575e0d983c4651c0ea082	ffprobe + SHA-256 of BMD stimulus_set file 0646.mp4	verified
647	train	BOLD Moments Dataset video 0647	BMD stimulus set, video 0647	https://boldmomentsdataset.csail.mit.edu/stimuli_metadata	third-party; not included	3	30	268	268	90	no	6f749a227143d57ad4d8131b5e7affc950c27d1fcf16d3ffc7a5ff0440539037	ffprobe + SHA-256 of BMD stimulus_set file 0647.mp4	verified
648	train	BOLD Moments Dataset video 0648	BMD stimulus set, video 0648	https://boldmomentsdataset.csail.mit.edu/stimuli_metadata	third-party; not included	3	30	268	268	90	no	5d61fa83f2768b998dd71705b59e05d42e02cd85b8848fd3e696bec678c3b369	ffprobe + SHA-256 of BMD stimulus_set file 0648.mp4	verified
649	train	BOLD Moments Dataset video 0649	BMD stimulus set, video 0649	https://boldmomentsdataset.csail.mit.edu/stimuli_metadata	third-party; not included	3	30	268	268	90	no	8be943cb19619cb90753dc2a952d90cb16533c47a2055634395fbbe01b0b30e0	ffprobe + SHA-256 of BMD stimulus_set file 0649.mp4	verified
650	train	BOLD Moments Dataset video 0650	BMD stimulus set, video 0650	https://boldmomentsdataset.csail.mit.edu/stimuli_metadata	third-party; not included	3	24	268	268	72	no	8e8f85b750ff5aacdc40f947aa5d5b038d9a1a9073fee2d27a2ee3b742e9c4c5	ffprobe + SHA-256 of BMD stimulus_set file 0650.mp4	verified
651	train	BOLD Moments Dataset video 0651	BMD stimulus set, video 0651	https://boldmomentsdataset.csail.mit.edu/stimuli_metadata	third-party; not included	3	30	268	268	90	no	e9121558c8493a285ab9dbae4584effb68c63bb977804d6c3b06cb8c7b00250a	ffprobe + SHA-256 of BMD stimulus_set file 0651.mp4	verified
652	train	BOLD Moments Dataset video 0652	BMD stimulus set, video 0652	https://boldmomentsdataset.csail.mit.edu/stimuli_metadata	third-party; not included	3	30	268	268	90	no	3701bb48d408371241a864362136564b42b95cb8588b33f161e1ccfece3d304c	ffprobe + SHA-256 of BMD stimulus_set file 0652.mp4	verified
653	train	BOLD Moments Dataset video 0653	BMD stimulus set, video 0653	https://boldmomentsdataset.csail.mit.edu/stimuli_metadata	third-party; not included	3	30	268	268	90	no	6c1719c90af98dca7472a655b0ce243dd5b648e5a540c2a0e2edd8a5a3b11f28	ffprobe + SHA-256 of BMD stimulus_set file 0653.mp4	verified
654	train	BOLD Moments Dataset video 0654	BMD stimulus set, video 0654	https://boldmomentsdataset.csail.mit.edu/stimuli_metadata	third-party; not included	3	30	268	268	90	no	91fabc30ea48b6046bfda14a53568d307c0d52b2b80c8fb0c9b748098f92e737	ffprobe + SHA-256 of BMD stimulus_set file 0654.mp4	verified
655	train	BOLD Moments Dataset video 0655	BMD stimulus set, video 0655	https://boldmomentsdataset.csail.mit.edu/stimuli_metadata	third-party; not included	3	20	268	268	60	no	d1534f059b6077229e5062ecd1580e8981e2e04b3492994b0d78cb22ada87e52	ffprobe + SHA-256 of BMD stimulus_set file 0655.mp4	verified
656	train	BOLD Moments Dataset video 0656	BMD stimulus set, video 0656	https://boldmomentsdataset.csail.mit.edu/stimuli_metadata	third-party; not included	3	15	268	268	45	no	49ce87f99fc55f3209d6f942f26f35723c7e0a96d1a0ce3cb05157521b0753e5	ffprobe + SHA-256 of BMD stimulus_set file 0656.mp4	verified
657	train	BOLD Moments Dataset video 0657	BMD stimulus set, video 0657	https://boldmomentsdataset.csail.mit.edu/stimuli_metadata	third-party; not included	3.03	30	268	268	91	no	0ebccb7e297125aed00f191fa068b5a33cf9256ceaa657d39837d5779480cca8	ffprobe + SHA-256 of BMD stimulus_set file 0657.mp4	verified
658	train	BOLD Moments Dataset video 0658	BMD stimulus set, video 0658	https://boldmomentsdataset.csail.mit.edu/stimuli_metadata	third-party; not included	3.03	30	268	268	91	no	d190dc816acdc36af767b4d6910bb7ff00fa4f572dc064525e7f4096a39390a7	ffprobe + SHA-256 of BMD stimulus_set file 0658.mp4	verified
659	train	BOLD Moments Dataset video 0659	BMD stimulus set, video 0659	https://boldmomentsdataset.csail.mit.edu/stimuli_metadata	third-party; not included	3	24	268	268	72	no	c5eafddfec8e9107f926f4e81bae99a4276fada2a6a60c2e3a36b3fe2f99c109	ffprobe + SHA-256 of BMD stimulus_set file 0659.mp4	verified
660	train	BOLD Moments Dataset video 0660	BMD stimulus set, video 0660	https://boldmomentsdataset.csail.mit.edu/stimuli_metadata	third-party; not included	3.03	30	268	268	91	no	02a6ffe27ed0ae980a6b0c7693dc47fd2719036f925d30ab62b7768864017463	ffprobe + SHA-256 of BMD stimulus_set file 0660.mp4	verified
661	train	BOLD Moments Dataset video 0661	BMD stimulus set, video 0661	https://boldmomentsdataset.csail.mit.edu/stimuli_metadata	third-party; not included	3	30	268	268	90	no	6f133e4ab768b97645d17561ff9663f2b1e0bece7fe43760333c74a4e9b0f22f	ffprobe + SHA-256 of BMD stimulus_set file 0661.mp4	verified
662	train	BOLD Moments Dataset video 0662	BMD stimulus set, video 0662	https://boldmomentsdataset.csail.mit.edu/stimuli_metadata	third-party; not included	3	30	268	268	90	no	596a4ff2003281ec07847a9f2984ced79be3128b50990b5cb7f3f16e7c1a372a	ffprobe + SHA-256 of BMD stimulus_set file 0662.mp4	verified
663	train	BOLD Moments Dataset video 0663	BMD stimulus set, video 0663	https://boldmomentsdataset.csail.mit.edu/stimuli_metadata	third-party; not included	3.07	29	268	268	89	no	b6136ec9918578dbae7742f4375b8723f99cad7c8dbc06d5d5c0297276f5b640	ffprobe + SHA-256 of BMD stimulus_set file 0663.mp4	verified
664	train	BOLD Moments Dataset video 0664	BMD stimulus set, video 0664	https://boldmomentsdataset.csail.mit.edu/stimuli_metadata	third-party; not included	3	30	268	268	90	no	8ac84b33528abbad0f0a6e73d30086f1a27b9addc6afccb72e7de8978962a208	ffprobe + SHA-256 of BMD stimulus_set file 0664.mp4	verified
665	train	BOLD Moments Dataset video 0665	BMD stimulus set, video 0665	https://boldmomentsdataset.csail.mit.edu/stimuli_metadata	third-party; not included	3	30	268	268	90	no	a30c0f99c4318d2e9a52dc77e7b37a7529a3a3423fcf6547d70689d32841aeff	ffprobe + SHA-256 of BMD stimulus_set file 0665.mp4	verified
666	train	BOLD Moments Dataset video 0666	BMD stimulus set, video 0666	https://boldmomentsdataset.csail.mit.edu/stimuli_metadata	third-party; not included	3	30	268	268	90	no	1e638128d6e483fa5a7430f4a7a9dade6f0460501ec90eac4aea562ae333a232	ffprobe + SHA-256 of BMD stimulus_set file 0666.mp4	verified
667	train	BOLD Moments Dataset video 0667	BMD stimulus set, video 0667	https://boldmomentsdataset.csail.mit.edu/stimuli_metadata	third-party; not included	3.03	30	268	268	91	no	d9c4a0f6cb89763f1c052f638c56efb7142c128f2e1655e5b34d7c5b1797aa03	ffprobe + SHA-256 of BMD stimulus_set file 0667.mp4	verified
668	train	BOLD Moments Dataset video 0668	BMD stimulus set, video 0668	https://boldmomentsdataset.csail.mit.edu/stimuli_metadata	third-party; not included	3	30	268	268	90	no	7cc5a0602cbfaff3e8f1a4c58f5d4dd9983a020ce80a3544f7aa435341ba08a6	ffprobe + SHA-256 of BMD stimulus_set file 0668.mp4	verified
669	train	BOLD Moments Dataset video 0669	BMD stimulus set, video 0669	https://boldmomentsdataset.csail.mit.edu/stimuli_metadata	third-party; not included	3	30	268	268	90	no	4b272709515b5433ce18f1ed6545ae190d8cdea1697c66e9acdd7192cc3f89fc	ffprobe + SHA-256 of BMD stimulus_set file 0669.mp4	verified
670	train	BOLD Moments Dataset video 0670	BMD stimulus set, video 0670	https://boldmomentsdataset.csail.mit.edu/stimuli_metadata	third-party; not included	3	30	268	268	90	no	ec7c9c5be2e2d6f4cca97381cd31c7aa22efcfb233086ef62f7211d46aea82ff	ffprobe + SHA-256 of BMD stimulus_set file 0670.mp4	verified
671	train	BOLD Moments Dataset video 0671	BMD stimulus set, video 0671	https://boldmomentsdataset.csail.mit.edu/stimuli_metadata	third-party; not included	3	24	268	268	72	no	bede8bfe1f2a590a70d3dc5512a8c36067994073f7628208a1ee1eec757cf8bc	ffprobe + SHA-256 of BMD stimulus_set file 0671.mp4	verified
672	train	BOLD Moments Dataset video 0672	BMD stimulus set, video 0672	https://boldmomentsdataset.csail.mit.edu/stimuli_metadata	third-party; not included	3	30	268	268	90	no	985ede1139ca10b7e2615b17e1986e72e904ac8f8e8f0374a23152f3e7bdb0bb	ffprobe + SHA-256 of BMD stimulus_set file 0672.mp4	verified
673	train	BOLD Moments Dataset video 0673	BMD stimulus set, video 0673	https://boldmomentsdataset.csail.mit.edu/stimuli_metadata	third-party; not included	3	30	268	268	90	no	d57a91dfd9b1ab993c27ffeca9c481811ef3a04fdbe7e0068d40b3cd54943ff6	ffprobe + SHA-256 of BMD stimulus_set file 0673.mp4	verified
674	train	BOLD Moments Dataset video 0674	BMD stimulus set, video 0674	https://boldmomentsdataset.csail.mit.edu/stimuli_metadata	third-party; not included	3	30	268	268	90	no	c04ad0481c2b450fda1131ef335fe31742539ca3658f2ba94bbef89fd985355c	ffprobe + SHA-256 of BMD stimulus_set file 0674.mp4	verified
675	train	BOLD Moments Dataset video 0675	BMD stimulus set, video 0675	https://boldmomentsdataset.csail.mit.edu/stimuli_metadata	third-party; not included	3	25	268	268	75	no	193db024673cca56edb0960ee8a1c4e0eb06d5eedbb440109353426f54fcb95b	ffprobe + SHA-256 of BMD stimulus_set file 0675.mp4	verified
676	train	BOLD Moments Dataset video 0676	BMD stimulus set, video 0676	https://boldmomentsdataset.csail.mit.edu/stimuli_metadata	third-party; not included	3	30	268	268	90	no	77d0cbe5c638ab20de5d804a9e07fb5ab1de18b428e56af35ae6a5cf9e6ac10e	ffprobe + SHA-256 of BMD stimulus_set file 0676.mp4	verified
677	train	BOLD Moments Dataset video 0677	BMD stimulus set, video 0677	https://boldmomentsdataset.csail.mit.edu/stimuli_metadata	third-party; not included	3	30	268	268	90	no	353c80be0c3e0fe23ecdd97695132a20920d657740931cb7edafa8b8358beddc	ffprobe + SHA-256 of BMD stimulus_set file 0677.mp4	verified
678	train	BOLD Moments Dataset video 0678	BMD stimulus set, video 0678	https://boldmomentsdataset.csail.mit.edu/stimuli_metadata	third-party; not included	3	15	268	268	45	no	0064fceed9bc9d417b77aa6f75474a4b1d31a30fe3a2f8e8a82b58478efe6dd4	ffprobe + SHA-256 of BMD stimulus_set file 0678.mp4	verified
679	train	BOLD Moments Dataset video 0679	BMD stimulus set, video 0679	https://boldmomentsdataset.csail.mit.edu/stimuli_metadata	third-party; not included	3	30	268	268	90	no	c1bf441e47d31c4ee440a3798eeb57de35589abfbf1398b0d5dd47bae6006798	ffprobe + SHA-256 of BMD stimulus_set file 0679.mp4	verified
680	train	BOLD Moments Dataset video 0680	BMD stimulus set, video 0680	https://boldmomentsdataset.csail.mit.edu/stimuli_metadata	third-party; not included	3	30	268	268	90	no	233ad74444a72cf97847f9143aeb43ce29920161bbeb4c76218c14dd059762fe	ffprobe + SHA-256 of BMD stimulus_set file 0680.mp4	verified
681	train	BOLD Moments Dataset video 0681	BMD stimulus set, video 0681	https://boldmomentsdataset.csail.mit.edu/stimuli_metadata	third-party; not included	3	24	268	268	72	no	daed044e8dee9b0c72003ff36cb692fffff1ba272dbb52cf6ac88dae62e33432	ffprobe + SHA-256 of BMD stimulus_set file 0681.mp4	verified
682	train	BOLD Moments Dataset video 0682	BMD stimulus set, video 0682	https://boldmomentsdataset.csail.mit.edu/stimuli_metadata	third-party; not included	3.03	30	268	268	91	no	8f79d57c1255d4a0759988e028cc5923004a29d748eea41c0b811960509c46fc	ffprobe + SHA-256 of BMD stimulus_set file 0682.mp4	verified
683	train	BOLD Moments Dataset video 0683	BMD stimulus set, video 0683	https://boldmomentsdataset.csail.mit.edu/stimuli_metadata	third-party; not included	3	30	268	268	90	no	d3b639373f46b4e38fac14af8cef080df911e1146352eb485f45f71b6ec76a0d	ffprobe + SHA-256 of BMD stimulus_set file 0683.mp4	verified
684	train	BOLD Moments Dataset video 0684	BMD stimulus set, video 0684	https://boldmomentsdataset.csail.mit.edu/stimuli_metadata	third-party; not included	3	24	268	268	72	no	448f9680065262ba6132b1c48e111db647840a85be3f0ae208a5ba2230123f7e	ffprobe + SHA-256 of BMD stimulus_set file 0684.mp4	verified
685	train	BOLD Moments Dataset video 0685	BMD stimulus set, video 0685	https://boldmomentsdataset.csail.mit.edu/stimuli_metadata	third-party; not included	3	30	268	268	90	no	d8b905b6bf42365f549aeb3e7c72bf6eb446649dabada043d268280d4ab07796	ffprobe + SHA-256 of BMD stimulus_set file 0685.mp4	verified
686	train	BOLD Moments Dataset video 0686	BMD stimulus set, video 0686	https://boldmomentsdataset.csail.mit.edu/stimuli_metadata	third-party; not included	3	30	268	268	90	no	d49109230a4aa49f94293857baed4d27da195c1a0c7f134b61c99b5b8e929bdc	ffprobe + SHA-256 of BMD stimulus_set file 0686.mp4	verified
687	train	BOLD Moments Dataset video 0687	BMD stimulus set, video 0687	https://boldmomentsdataset.csail.mit.edu/stimuli_metadata	third-party; not included	3	30	268	268	90	no	7e346c4b86aabaceaf38b861d0da4d6223a589daf19c7b9df5f540027389908b	ffprobe + SHA-256 of BMD stimulus_set file 0687.mp4	verified
688	train	BOLD Moments Dataset video 0688	BMD stimulus set, video 0688	https://boldmomentsdataset.csail.mit.edu/stimuli_metadata	third-party; not included	3	30	268	268	90	no	dc6dd11d7ffadbcf3a98fe4247633c91acd327faaf8446e2cd68eb6c823ef343	ffprobe + SHA-256 of BMD stimulus_set file 0688.mp4	verified
689	train	BOLD Moments Dataset video 0689	BMD stimulus set, video 0689	https://boldmomentsdataset.csail.mit.edu/stimuli_metadata	third-party; not included	3	30	268	268	90	no	1a33270ade0464f6c5bad4dcf6f18d357cbee254e7e0894b32565fac651ca20d	ffprobe + SHA-256 of BMD stimulus_set file 0689.mp4	verified
690	train	BOLD Moments Dataset video 0690	BMD stimulus set, video 0690	https://boldmomentsdataset.csail.mit.edu/stimuli_metadata	third-party; not included	3	24	268	268	72	no	a69d1a9d5256369285e377200abc34e133db83238ab6f4db5c2e07626269f53d	ffprobe + SHA-256 of BMD stimulus_set file 0690.mp4	verified
691	train	BOLD Moments Dataset video 0691	BMD stimulus set, video 0691	https://boldmomentsdataset.csail.mit.edu/stimuli_metadata	third-party; not included	3	30	268	268	90	no	1116682f905872fc3593362914004e35c53b3502124864087c1e8f7cfe667514	ffprobe + SHA-256 of BMD stimulus_set file 0691.mp4	verified
692	train	BOLD Moments Dataset video 0692	BMD stimulus set, video 0692	https://boldmomentsdataset.csail.mit.edu/stimuli_metadata	third-party; not included	3	30	268	268	90	no	9c67a301b2ab9d39c4aff78ba3a27fab0dfc7de8185083b41b45bd9244e24fe0	ffprobe + SHA-256 of BMD stimulus_set file 0692.mp4	verified
693	train	BOLD Moments Dataset video 0693	BMD stimulus set, video 0693	https://boldmomentsdataset.csail.mit.edu/stimuli_metadata	third-party; not included	3.04	25	268	268	76	no	28c1540ed635dcf2877c8b5e2fd2bf8e1c18236c7896d2e1f316b34749b0ab71	ffprobe + SHA-256 of BMD stimulus_set file 0693.mp4	verified
694	train	BOLD Moments Dataset video 0694	BMD stimulus set, video 0694	https://boldmomentsdataset.csail.mit.edu/stimuli_metadata	third-party; not included	3	30	268	268	90	no	f8783792195155cb03d7bc69588fb0ae78bf942d37c62f73e28ad3a74c21a247	ffprobe + SHA-256 of BMD stimulus_set file 0694.mp4	verified
695	train	BOLD Moments Dataset video 0695	BMD stimulus set, video 0695	https://boldmomentsdataset.csail.mit.edu/stimuli_metadata	third-party; not included	3	30	268	268	90	no	42f132e4ab0d570a2da1aaf3856ba0a3e85893d994b6fff7e71f09b8e658ae37	ffprobe + SHA-256 of BMD stimulus_set file 0695.mp4	verified
696	train	BOLD Moments Dataset video 0696	BMD stimulus set, video 0696	https://boldmomentsdataset.csail.mit.edu/stimuli_metadata	third-party; not included	3	24	268	268	72	no	945d349bddcc7fe07331bef3202d24dc8563c4182f0315b500b42d4d42602ec2	ffprobe + SHA-256 of BMD stimulus_set file 0696.mp4	verified
697	train	BOLD Moments Dataset video 0697	BMD stimulus set, video 0697	https://boldmomentsdataset.csail.mit.edu/stimuli_metadata	third-party; not included	3	15	268	268	45	no	625450bb61188ef1dbadf66f9892657ad767e4656ba639e85ab3561d18131c9e	ffprobe + SHA-256 of BMD stimulus_set file 0697.mp4	verified
698	train	BOLD Moments Dataset video 0698	BMD stimulus set, video 0698	https://boldmomentsdataset.csail.mit.edu/stimuli_metadata	third-party; not included	3	24	268	268	72	no	9ad84b66ed16f18cc624726434e2d895f2f415f358893907ebce2d21940da05f	ffprobe + SHA-256 of BMD stimulus_set file 0698.mp4	verified
699	train	BOLD Moments Dataset video 0699	BMD stimulus set, video 0699	https://boldmomentsdataset.csail.mit.edu/stimuli_metadata	third-party; not included	3	30	268	268	90	no	8cb66e94f795bd5726178d1399e687fdc67ddaf4d13b414917fa9e2b3219cd44	ffprobe + SHA-256 of BMD stimulus_set file 0699.mp4	verified
700	train	BOLD Moments Dataset video 0700	BMD stimulus set, video 0700	https://boldmomentsdataset.csail.mit.edu/stimuli_metadata	third-party; not included	3	30	268	268	90	no	f866c55381f5c45d1db8784f946cec3df13a3b8bde1cc81f5bed395fc4e51ca3	ffprobe + SHA-256 of BMD stimulus_set file 0700.mp4	verified
701	train	BOLD Moments Dataset video 0701	BMD stimulus set, video 0701	https://boldmomentsdataset.csail.mit.edu/stimuli_metadata	third-party; not included	3	30	268	268	90	no	6363c090d8009b8d8c37d578c33d5c6faeb45b4689897678abaa0d3c55ec9427	ffprobe + SHA-256 of BMD stimulus_set file 0701.mp4	verified
702	train	BOLD Moments Dataset video 0702	BMD stimulus set, video 0702	https://boldmomentsdataset.csail.mit.edu/stimuli_metadata	third-party; not included	3	30	268	268	90	no	da23b28035726549373ab6cb3cafc1bb523d8898aa9163902dceee46838d8c48	ffprobe + SHA-256 of BMD stimulus_set file 0702.mp4	verified
703	train	BOLD Moments Dataset video 0703	BMD stimulus set, video 0703	https://boldmomentsdataset.csail.mit.edu/stimuli_metadata	third-party; not included	3	30	268	268	90	no	b71f4f2c917bb933ba6a0590ff04d57fa961f2254b22aa037f86e45c570e94db	ffprobe + SHA-256 of BMD stimulus_set file 0703.mp4	verified
704	train	BOLD Moments Dataset video 0704	BMD stimulus set, video 0704	https://boldmomentsdataset.csail.mit.edu/stimuli_metadata	third-party; not included	3	30	268	268	90	no	834777aa7e78e037c2b22195ccde70b3d8cfefe9e835b89b06ed22de70b5f690	ffprobe + SHA-256 of BMD stimulus_set file 0704.mp4	verified
705	train	BOLD Moments Dataset video 0705	BMD stimulus set, video 0705	https://boldmomentsdataset.csail.mit.edu/stimuli_metadata	third-party; not included	3	24	268	268	72	no	15b083562d0d9ac4b64e79c770c96b504a9b9ed8cb36d5654d08b37dcf8ccf70	ffprobe + SHA-256 of BMD stimulus_set file 0705.mp4	verified
706	train	BOLD Moments Dataset video 0706	BMD stimulus set, video 0706	https://boldmomentsdataset.csail.mit.edu/stimuli_metadata	third-party; not included	3	30	268	268	90	no	471ec104b8f1a034d0d330361b43a2fbbd5dd6bb33386381757fd29b42d9e44b	ffprobe + SHA-256 of BMD stimulus_set file 0706.mp4	verified
707	train	BOLD Moments Dataset video 0707	BMD stimulus set, video 0707	https://boldmomentsdataset.csail.mit.edu/stimuli_metadata	third-party; not included	3	30	268	268	90	no	fc25b317ea73f58ed2f106f320411aa8b12307a54bc000753433a88247717307	ffprobe + SHA-256 of BMD stimulus_set file 0707.mp4	verified
708	train	BOLD Moments Dataset video 0708	BMD stimulus set, video 0708	https://boldmomentsdataset.csail.mit.edu/stimuli_metadata	third-party; not included	3	25	268	268	75	no	7a1d34263616371d98d79ce2dbf74033ab370b666e1c66ab18d43bd4bb9b926a	ffprobe + SHA-256 of BMD stimulus_set file 0708.mp4	verified
709	train	BOLD Moments Dataset video 0709	BMD stimulus set, video 0709	https://boldmomentsdataset.csail.mit.edu/stimuli_metadata	third-party; not included	3	24	268	268	72	no	4b62a98b4a93d995097bfb5dc7b9a723da517cb29123d4e20826b6edfe58f6e9	ffprobe + SHA-256 of BMD stimulus_set file 0709.mp4	verified
710	train	BOLD Moments Dataset video 0710	BMD stimulus set, video 0710	https://boldmomentsdataset.csail.mit.edu/stimuli_metadata	third-party; not included	3.03	30	268	268	91	no	2e5f9c9dcdbe6a859132486ec9e55fa63a0d55d7101e4520d5f195c2c469799d	ffprobe + SHA-256 of BMD stimulus_set file 0710.mp4	verified
711	train	BOLD Moments Dataset video 0711	BMD stimulus set, video 0711	https://boldmomentsdataset.csail.mit.edu/stimuli_metadata	third-party; not included	3	30	268	268	90	no	1cc5c6c81e31eafa9c6e0a504b24a99d7a95af4a767dfc9739188148558987e0	ffprobe + SHA-256 of BMD stimulus_set file 0711.mp4	verified
712	train	BOLD Moments Dataset video 0712	BMD stimulus set, video 0712	https://boldmomentsdataset.csail.mit.edu/stimuli_metadata	third-party; not included	3	30	268	268	90	no	c32ab7942c13b0dc2d54e23ce3534b00d601b6b067549f397f8ea3ea544b907f	ffprobe + SHA-256 of BMD stimulus_set file 0712.mp4	verified
713	train	BOLD Moments Dataset video 0713	BMD stimulus set, video 0713	https://boldmomentsdataset.csail.mit.edu/stimuli_metadata	third-party; not included	3	30	268	268	90	no	49336ac5d9da719b0dab48707bd0b90986a5d16b8c6d80e8d94fe28e3c52d94d	ffprobe + SHA-256 of BMD stimulus_set file 0713.mp4	verified
714	train	BOLD Moments Dataset video 0714	BMD stimulus set, video 0714	https://boldmomentsdataset.csail.mit.edu/stimuli_metadata	third-party; not included	3	30	268	268	90	no	58ae13f2a259648fdee8ef619475edd639e50520154cf2e89c7205dbb9bf6f0b	ffprobe + SHA-256 of BMD stimulus_set file 0714.mp4	verified
715	train	BOLD Moments Dataset video 0715	BMD stimulus set, video 0715	https://boldmomentsdataset.csail.mit.edu/stimuli_metadata	third-party; not included	3	30	268	268	90	no	1b6e1667561df84caee7a696d87203368dde3765032c79a0ce70c0f03651913f	ffprobe + SHA-256 of BMD stimulus_set file 0715.mp4	verified
716	train	BOLD Moments Dataset video 0716	BMD stimulus set, video 0716	https://boldmomentsdataset.csail.mit.edu/stimuli_metadata	third-party; not included	3.03	30	268	268	91	no	3de145f8a2795c3467a3e5d962d5162afb411ecb882e36114ea77b631297e6bb	ffprobe + SHA-256 of BMD stimulus_set file 0716.mp4	verified
717	train	BOLD Moments Dataset video 0717	BMD stimulus set, video 0717	https://boldmomentsdataset.csail.mit.edu/stimuli_metadata	third-party; not included	3	30	268	268	90	no	0a371cd93934069f6e3ca812f164e6e837307592534b55fa95fed43ee50d6f27	ffprobe + SHA-256 of BMD stimulus_set file 0717.mp4	verified
718	train	BOLD Moments Dataset video 0718	BMD stimulus set, video 0718	https://boldmomentsdataset.csail.mit.edu/stimuli_metadata	third-party; not included	3.03	30	268	268	91	no	f4d6f6bc0ce112b21c3402392fda1f8b90e403884e8ebbb82979ecd573c2b27e	ffprobe + SHA-256 of BMD stimulus_set file 0718.mp4	verified
719	train	BOLD Moments Dataset video 0719	BMD stimulus set, video 0719	https://boldmomentsdataset.csail.mit.edu/stimuli_metadata	third-party; not included	3	24	268	268	72	no	326059d60170a8466b8abaaf7ec9dd97cae78193e00e3255da08f89852863519	ffprobe + SHA-256 of BMD stimulus_set file 0719.mp4	verified
720	train	BOLD Moments Dataset video 0720	BMD stimulus set, video 0720	https://boldmomentsdataset.csail.mit.edu/stimuli_metadata	third-party; not included	3	25	268	268	75	no	a2cc08fd4691140381e71a9fa36dc04738d188c1a364b0a3564931f599a8230a	ffprobe + SHA-256 of BMD stimulus_set file 0720.mp4	verified
721	train	BOLD Moments Dataset video 0721	BMD stimulus set, video 0721	https://boldmomentsdataset.csail.mit.edu/stimuli_metadata	third-party; not included	3.03	30	268	268	91	no	093c47b78efb61727331411b06eb9f1b2dbe7507070b93b253ac943dbdf63122	ffprobe + SHA-256 of BMD stimulus_set file 0721.mp4	verified
722	train	BOLD Moments Dataset video 0722	BMD stimulus set, video 0722	https://boldmomentsdataset.csail.mit.edu/stimuli_metadata	third-party; not included	3	30	268	268	90	no	a05e45e599dbbc0f35a27e047e0702c5c3c1932a22ba3640c0805b5c6136df15	ffprobe + SHA-256 of BMD stimulus_set file 0722.mp4	verified
723	train	BOLD Moments Dataset video 0723	BMD stimulus set, video 0723	https://boldmomentsdataset.csail.mit.edu/stimuli_metadata	third-party; not included	3.03	30	268	268	91	no	ba16bff1f0e18e8dac5884a21c57d5dd5169d07f612965f0bdce1f403c76f531	ffprobe + SHA-256 of BMD stimulus_set file 0723.mp4	verified
724	train	BOLD Moments Dataset video 0724	BMD stimulus set, video 0724	https://boldmomentsdataset.csail.mit.edu/stimuli_metadata	third-party; not included	3	30	268	268	90	no	b6d62732da5cb4ff51ef98bf7efbc1d4c3d2abd922b5e3669674cd7147678bd3	ffprobe + SHA-256 of BMD stimulus_set file 0724.mp4	verified
725	train	BOLD Moments Dataset video 0725	BMD stimulus set, video 0725	https://boldmomentsdataset.csail.mit.edu/stimuli_metadata	third-party; not included	3	24	268	268	72	no	22395973f42cb5b2fed8ed7c9cd37e702ec281049ed54b1cf7222067a16abae7	ffprobe + SHA-256 of BMD stimulus_set file 0725.mp4	verified
726	train	BOLD Moments Dataset video 0726	BMD stimulus set, video 0726	https://boldmomentsdataset.csail.mit.edu/stimuli_metadata	third-party; not included	3	24	268	268	72	no	fdee24ace94efe9709b86b99e3f93e836aa337d49978b7124ab99085f5e9d934	ffprobe + SHA-256 of BMD stimulus_set file 0726.mp4	verified
727	train	BOLD Moments Dataset video 0727	BMD stimulus set, video 0727	https://boldmomentsdataset.csail.mit.edu/stimuli_metadata	third-party; not included	3	25	268	268	75	no	9076a5f353c44fc2df1fd066e7aee534bcc3f053b17b3177cfd8b77d58d1bd39	ffprobe + SHA-256 of BMD stimulus_set file 0727.mp4	verified
728	train	BOLD Moments Dataset video 0728	BMD stimulus set, video 0728	https://boldmomentsdataset.csail.mit.edu/stimuli_metadata	third-party; not included	3	24	268	268	72	no	afa7db8db7968984fd9376ca6e0ed753cd6e71a3fd10afd70888936bbd6abed3	ffprobe + SHA-256 of BMD stimulus_set file 0728.mp4	verified
729	train	BOLD Moments Dataset video 0729	BMD stimulus set, video 0729	https://boldmomentsdataset.csail.mit.edu/stimuli_metadata	third-party; not included	3.03	30	268	268	91	no	836c06b38ca4e6aab6ac26daeb16f57885b77f9652a17b504cad9c1f77e5931c	ffprobe + SHA-256 of BMD stimulus_set file 0729.mp4	verified
730	train	BOLD Moments Dataset video 0730	BMD stimulus set, video 0730	https://boldmomentsdataset.csail.mit.edu/stimuli_metadata	third-party; not included	3	30	268	268	90	no	5914798d432af1a30098613649b9f1f7b3bca6799af36e8abe2d521ad1222071	ffprobe + SHA-256 of BMD stimulus_set file 0730.mp4	verified
731	train	BOLD Moments Dataset video 0731	BMD stimulus set, video 0731	https://boldmomentsdataset.csail.mit.edu/stimuli_metadata	third-party; not included	3	30	268	268	90	no	bbcd8ed0e3e7ad13de8be582dad7cd53918f181b6564bc7f68449406789ff765	ffprobe + SHA-256 of BMD stimulus_set file 0731.mp4	verified
732	train	BOLD Moments Dataset video 0732	BMD stimulus set, video 0732	https://boldmomentsdataset.csail.mit.edu/stimuli_metadata	third-party; not included	3	24	268	268	72	no	a6e327169f3c5f05fa222724cd66966a3802bb45a9c95eda8b249b561b121f30	ffprobe + SHA-256 of BMD stimulus_set file 0732.mp4	verified
733	train	BOLD Moments Dataset video 0733	BMD stimulus set, video 0733	https://boldmomentsdataset.csail.mit.edu/stimuli_metadata	third-party; not included	3	24	268	268	72	no	a8d34c71188c76ca2b2120a5cd0f304e81b0017970cd131a192eca18a5a8d2f8	ffprobe + SHA-256 of BMD stimulus_set file 0733.mp4	verified
734	train	BOLD Moments Dataset video 0734	BMD stimulus set, video 0734	https://boldmomentsdataset.csail.mit.edu/stimuli_metadata	third-party; not included	3	30	268	268	90	no	024b8a09d5ce80f95b0033ebb14e55d7c9503171b39179dea127fbc162462077	ffprobe + SHA-256 of BMD stimulus_set file 0734.mp4	verified
735	train	BOLD Moments Dataset video 0735	BMD stimulus set, video 0735	https://boldmomentsdataset.csail.mit.edu/stimuli_metadata	third-party; not included	3	30	268	268	90	no	8cdfc22609777afa65004f223698890bd3939dfa6cb467d2470e1aef37702b2f	ffprobe + SHA-256 of BMD stimulus_set file 0735.mp4	verified
736	train	BOLD Moments Dataset video 0736	BMD stimulus set, video 0736	https://boldmomentsdataset.csail.mit.edu/stimuli_metadata	third-party; not included	3	30	268	268	90	no	24f7922ad2aaeb2eb45ad7afa8548a0770ea3676986ecc333d67293850a28f0d	ffprobe + SHA-256 of BMD stimulus_set file 0736.mp4	verified
737	train	BOLD Moments Dataset video 0737	BMD stimulus set, video 0737	https://boldmomentsdataset.csail.mit.edu/stimuli_metadata	third-party; not included	3	30	268	268	90	no	cc3994c61d08465bdb108a552372e39b92d62ef9fdfa0e65ddac16a435bfa53d	ffprobe + SHA-256 of BMD stimulus_set file 0737.mp4	verified
738	train	BOLD Moments Dataset video 0738	BMD stimulus set, video 0738	https://boldmomentsdataset.csail.mit.edu/stimuli_metadata	third-party; not included	3	24	268	268	72	no	8f38120a47a04f0a2160a3b1c7ab88bb35ee66dcbc709bf11d7498e42db9bdf3	ffprobe + SHA-256 of BMD stimulus_set file 0738.mp4	verified
739	train	BOLD Moments Dataset video 0739	BMD stimulus set, video 0739	https://boldmomentsdataset.csail.mit.edu/stimuli_metadata	third-party; not included	3	30	268	268	90	no	2c67de6e9294e7ab95837890ab435c28e852f2ec9311f072a9c99313383d8bb8	ffprobe + SHA-256 of BMD stimulus_set file 0739.mp4	verified
740	train	BOLD Moments Dataset video 0740	BMD stimulus set, video 0740	https://boldmomentsdataset.csail.mit.edu/stimuli_metadata	third-party; not included	3	30	268	268	90	no	00e78e28f202463dc9eea77cb08bc7e38c420b651ac236624727369bd237688e	ffprobe + SHA-256 of BMD stimulus_set file 0740.mp4	verified
741	train	BOLD Moments Dataset video 0741	BMD stimulus set, video 0741	https://boldmomentsdataset.csail.mit.edu/stimuli_metadata	third-party; not included	3	30	268	268	90	no	066e9e0bdd15ccdbd21b52720371f3cc6c260069805471a8e9a0ffb76d2f8db9	ffprobe + SHA-256 of BMD stimulus_set file 0741.mp4	verified
742	train	BOLD Moments Dataset video 0742	BMD stimulus set, video 0742	https://boldmomentsdataset.csail.mit.edu/stimuli_metadata	third-party; not included	3	30	268	268	90	no	3644119c2b21e5fa64d78233a7ac90e369f57773d6b4e7006e6e37a77f7f3b43	ffprobe + SHA-256 of BMD stimulus_set file 0742.mp4	verified
743	train	BOLD Moments Dataset video 0743	BMD stimulus set, video 0743	https://boldmomentsdataset.csail.mit.edu/stimuli_metadata	third-party; not included	3	30	268	268	90	no	c6039285c19abe15a15ee98d825e84cfcf0f037ff0c289806e9caa4906457610	ffprobe + SHA-256 of BMD stimulus_set file 0743.mp4	verified
744	train	BOLD Moments Dataset video 0744	BMD stimulus set, video 0744	https://boldmomentsdataset.csail.mit.edu/stimuli_metadata	third-party; not included	3	30	268	268	90	no	08a451c873590afab4de003cb189d7ba0de1f191d933ee4d226fd0ecbfd01b28	ffprobe + SHA-256 of BMD stimulus_set file 0744.mp4	verified
745	train	BOLD Moments Dataset video 0745	BMD stimulus set, video 0745	https://boldmomentsdataset.csail.mit.edu/stimuli_metadata	third-party; not included	3	30	268	268	90	no	1671a6fe834f3904bcd8ef82dbc6eba30f802c7ca4d959bc3ff587af89a8aa56	ffprobe + SHA-256 of BMD stimulus_set file 0745.mp4	verified
746	train	BOLD Moments Dataset video 0746	BMD stimulus set, video 0746	https://boldmomentsdataset.csail.mit.edu/stimuli_metadata	third-party; not included	3	30	268	268	90	no	fc0c402a763305086e2d624716a850beccfb8bffb9553084543de5f88f64efd1	ffprobe + SHA-256 of BMD stimulus_set file 0746.mp4	verified
747	train	BOLD Moments Dataset video 0747	BMD stimulus set, video 0747	https://boldmomentsdataset.csail.mit.edu/stimuli_metadata	third-party; not included	3	25	268	268	75	no	981bc4c56ee7c889cb9002f67951262035f0cd8f7108be543c870ca797b7630f	ffprobe + SHA-256 of BMD stimulus_set file 0747.mp4	verified
748	train	BOLD Moments Dataset video 0748	BMD stimulus set, video 0748	https://boldmomentsdataset.csail.mit.edu/stimuli_metadata	third-party; not included	3	25	268	268	75	no	c4053e18282df36c30e7ab181dad91d54b6434ff22ea69f4b1faed0d222f2534	ffprobe + SHA-256 of BMD stimulus_set file 0748.mp4	verified
749	train	BOLD Moments Dataset video 0749	BMD stimulus set, video 0749	https://boldmomentsdataset.csail.mit.edu/stimuli_metadata	third-party; not included	3.03	30	268	268	91	no	2c62c41524714925176bd07de4eb29e9ca0bc2d1de75575302ae1686d21e3e38	ffprobe + SHA-256 of BMD stimulus_set file 0749.mp4	verified
750	train	BOLD Moments Dataset video 0750	BMD stimulus set, video 0750	https://boldmomentsdataset.csail.mit.edu/stimuli_metadata	third-party; not included	3	25	268	268	75	no	4e30a4314691190db179de3eee26d480640255be0321a4089f268a2c92901471	ffprobe + SHA-256 of BMD stimulus_set file 0750.mp4	verified
751	train	BOLD Moments Dataset video 0751	BMD stimulus set, video 0751	https://boldmomentsdataset.csail.mit.edu/stimuli_metadata	third-party; not included	3	24	268	268	72	no	f8bf126c78f26aee9ce439c3ce84c92cde0a6789acaea811e7a0f229ba2c6a26	ffprobe + SHA-256 of BMD stimulus_set file 0751.mp4	verified
752	train	BOLD Moments Dataset video 0752	BMD stimulus set, video 0752	https://boldmomentsdataset.csail.mit.edu/stimuli_metadata	third-party; not included	3	30	268	268	90	no	e9aaf4d246de70ea0e7078660d361f7852d09645038198ad8ea5640a23809a00	ffprobe + SHA-256 of BMD stimulus_set file 0752.mp4	verified
753	train	BOLD Moments Dataset video 0753	BMD stimulus set, video 0753	https://boldmomentsdataset.csail.mit.edu/stimuli_metadata	third-party; not included	3	30	268	268	90	no	634eb8423d0c55b7406438bdc80db2839b23c3c0aeb2f97dac863a985b8574c5	ffprobe + SHA-256 of BMD stimulus_set file 0753.mp4	verified
754	train	BOLD Moments Dataset video 0754	BMD stimulus set, video 0754	https://boldmomentsdataset.csail.mit.edu/stimuli_metadata	third-party; not included	3	24	268	268	72	no	9417e31e65f48f1ce861ee7543a95715e6f319226e138fe15fb9a5586e181a54	ffprobe + SHA-256 of BMD stimulus_set file 0754.mp4	verified
755	train	BOLD Moments Dataset video 0755	BMD stimulus set, video 0755	https://boldmomentsdataset.csail.mit.edu/stimuli_metadata	third-party; not included	3	30	268	268	90	no	65e1b12c5d32f2f9c5b38bd4486f5a02e59dcd6f4d50fbd780c438ef21dd74a6	ffprobe + SHA-256 of BMD stimulus_set file 0755.mp4	verified
756	train	BOLD Moments Dataset video 0756	BMD stimulus set, video 0756	https://boldmomentsdataset.csail.mit.edu/stimuli_metadata	third-party; not included	3	24	268	268	72	no	fa34f09cbb21518b07453469384c875a224973e8afc005944b469fba20c93135	ffprobe + SHA-256 of BMD stimulus_set file 0756.mp4	verified
757	train	BOLD Moments Dataset video 0757	BMD stimulus set, video 0757	https://boldmomentsdataset.csail.mit.edu/stimuli_metadata	third-party; not included	3	30	268	268	90	no	e3e98edd56d5acac0cdcb2df2f81b24acd69f5a399155457453fed99dea4de72	ffprobe + SHA-256 of BMD stimulus_set file 0757.mp4	verified
758	train	BOLD Moments Dataset video 0758	BMD stimulus set, video 0758	https://boldmomentsdataset.csail.mit.edu/stimuli_metadata	third-party; not included	3	30	268	268	90	no	807890b4476eeb38023b470ea191d1041c07275cd36a49f24fc697843c54bb0e	ffprobe + SHA-256 of BMD stimulus_set file 0758.mp4	verified
759	train	BOLD Moments Dataset video 0759	BMD stimulus set, video 0759	https://boldmomentsdataset.csail.mit.edu/stimuli_metadata	third-party; not included	3	25	268	268	75	no	0fe5ccda8b7a3f54f5de825e4f1bbc1c449e5e0d7358ab557a70b916c8e8bbcf	ffprobe + SHA-256 of BMD stimulus_set file 0759.mp4	verified
760	train	BOLD Moments Dataset video 0760	BMD stimulus set, video 0760	https://boldmomentsdataset.csail.mit.edu/stimuli_metadata	third-party; not included	3	15	268	268	45	no	2ac7ebefeecc195380323a016ed4577936a0cd7272ba5ef51405f1d40078c090	ffprobe + SHA-256 of BMD stimulus_set file 0760.mp4	verified
761	train	BOLD Moments Dataset video 0761	BMD stimulus set, video 0761	https://boldmomentsdataset.csail.mit.edu/stimuli_metadata	third-party; not included	3	30	268	268	90	no	c075057c5bd38dce4e0c80d52c18acc3e3d4ac0566c0147fb9bff86082892e76	ffprobe + SHA-256 of BMD stimulus_set file 0761.mp4	verified
762	train	BOLD Moments Dataset video 0762	BMD stimulus set, video 0762	https://boldmomentsdataset.csail.mit.edu/stimuli_metadata	third-party; not included	3	30	268	268	90	no	03e438fe3f452bf03a777602a4bf06fa0cdc052cfeac896ec10d579dc3ea9624	ffprobe + SHA-256 of BMD stimulus_set file 0762.mp4	verified
763	train	BOLD Moments Dataset video 0763	BMD stimulus set, video 0763	https://boldmomentsdataset.csail.mit.edu/stimuli_metadata	third-party; not included	3	30	268	268	90	no	3f4f6aa40c5096995ce0f1bd883093b1479745c8fbc46219a778a9c46a9f838d	ffprobe + SHA-256 of BMD stimulus_set file 0763.mp4	verified
764	train	BOLD Moments Dataset video 0764	BMD stimulus set, video 0764	https://boldmomentsdataset.csail.mit.edu/stimuli_metadata	third-party; not included	3	24	268	268	72	no	1f9ea07c329316b626501dceea18162482f4eaa81af03f5d9c848e9c40f6a90b	ffprobe + SHA-256 of BMD stimulus_set file 0764.mp4	verified
765	train	BOLD Moments Dataset video 0765	BMD stimulus set, video 0765	https://boldmomentsdataset.csail.mit.edu/stimuli_metadata	third-party; not included	3	30	268	268	90	no	79b5b455cbc8e6948d53d8cda3b349b285aa16ea371eab2e786a645645abe60f	ffprobe + SHA-256 of BMD stimulus_set file 0765.mp4	verified
766	train	BOLD Moments Dataset video 0766	BMD stimulus set, video 0766	https://boldmomentsdataset.csail.mit.edu/stimuli_metadata	third-party; not included	3	30	268	268	90	no	489fea4a2289f706ac25f801f56154dc3a195c5117b1e8d29ea6d9c788b9856f	ffprobe + SHA-256 of BMD stimulus_set file 0766.mp4	verified
767	train	BOLD Moments Dataset video 0767	BMD stimulus set, video 0767	https://boldmomentsdataset.csail.mit.edu/stimuli_metadata	third-party; not included	3	30	268	268	90	no	1e48ff4f5b601c969fe1fe4fd14b4b2930d47b8635d7ef603bc8462e9c0f741c	ffprobe + SHA-256 of BMD stimulus_set file 0767.mp4	verified
768	train	BOLD Moments Dataset video 0768	BMD stimulus set, video 0768	https://boldmomentsdataset.csail.mit.edu/stimuli_metadata	third-party; not included	3	30	268	268	90	no	f0cae45f877bedfd96c4cb9fdd8f6974671b77664edb2e153d9b2ca81717b016	ffprobe + SHA-256 of BMD stimulus_set file 0768.mp4	verified
769	train	BOLD Moments Dataset video 0769	BMD stimulus set, video 0769	https://boldmomentsdataset.csail.mit.edu/stimuli_metadata	third-party; not included	3	30	268	268	90	no	0b4ef1c8304587359ccffa6d9c3bd61bae585aff80a269d1d3a8cbe90bae95bb	ffprobe + SHA-256 of BMD stimulus_set file 0769.mp4	verified
770	train	BOLD Moments Dataset video 0770	BMD stimulus set, video 0770	https://boldmomentsdataset.csail.mit.edu/stimuli_metadata	third-party; not included	3	30	268	268	90	no	0796792c2865cdcaaa7a80ec2e3efede23b5439e35152483873145ae92427471	ffprobe + SHA-256 of BMD stimulus_set file 0770.mp4	verified
771	train	BOLD Moments Dataset video 0771	BMD stimulus set, video 0771	https://boldmomentsdataset.csail.mit.edu/stimuli_metadata	third-party; not included	3	30	268	268	90	no	046d5781af16f75add01a2d806ddd572bca53b975dcbc8727c815065df877936	ffprobe + SHA-256 of BMD stimulus_set file 0771.mp4	verified
772	train	BOLD Moments Dataset video 0772	BMD stimulus set, video 0772	https://boldmomentsdataset.csail.mit.edu/stimuli_metadata	third-party; not included	3.03	30	268	268	91	no	ed4fac44ea4cb067fcd2d1e984427bc594892377b304bf5de2aae47bbe4706c2	ffprobe + SHA-256 of BMD stimulus_set file 0772.mp4	verified
773	train	BOLD Moments Dataset video 0773	BMD stimulus set, video 0773	https://boldmomentsdataset.csail.mit.edu/stimuli_metadata	third-party; not included	3	24	268	268	72	no	52f4ba962189cba6b74976daec2e21a5038b43b345f846fa632d3cebf0706137	ffprobe + SHA-256 of BMD stimulus_set file 0773.mp4	verified
774	train	BOLD Moments Dataset video 0774	BMD stimulus set, video 0774	https://boldmomentsdataset.csail.mit.edu/stimuli_metadata	third-party; not included	3	30	268	268	90	no	306524f63762c1ef488e3a1279f3dbcf0984fb996c3e38f473f2a3ed54c4874b	ffprobe + SHA-256 of BMD stimulus_set file 0774.mp4	verified
775	train	BOLD Moments Dataset video 0775	BMD stimulus set, video 0775	https://boldmomentsdataset.csail.mit.edu/stimuli_metadata	third-party; not included	3	30	268	268	90	no	0aa8c85f051e151b70252808d448378fb5b798b06664c0bcd93220e09edf6df2	ffprobe + SHA-256 of BMD stimulus_set file 0775.mp4	verified
776	train	BOLD Moments Dataset video 0776	BMD stimulus set, video 0776	https://boldmomentsdataset.csail.mit.edu/stimuli_metadata	third-party; not included	3	25	268	268	75	no	c5cb219e438bbe0a4820c59c9fbb3f08f298a3926e6447951689952a5358e68f	ffprobe + SHA-256 of BMD stimulus_set file 0776.mp4	verified
777	train	BOLD Moments Dataset video 0777	BMD stimulus set, video 0777	https://boldmomentsdataset.csail.mit.edu/stimuli_metadata	third-party; not included	3.04	25	268	268	76	no	56745d7e24afff76e0caa386ab6fc4ac439dfce0eeb347653ac6fcd89da37b3b	ffprobe + SHA-256 of BMD stimulus_set file 0777.mp4	verified
778	train	BOLD Moments Dataset video 0778	BMD stimulus set, video 0778	https://boldmomentsdataset.csail.mit.edu/stimuli_metadata	third-party; not included	3.03	30	268	268	91	no	3225f96e252e2a2c3731fd9c46df1bb92c689aa38d094f779631fbbbbc7f9885	ffprobe + SHA-256 of BMD stimulus_set file 0778.mp4	verified
779	train	BOLD Moments Dataset video 0779	BMD stimulus set, video 0779	https://boldmomentsdataset.csail.mit.edu/stimuli_metadata	third-party; not included	3	30	268	268	90	no	b0974db47aabd42046c66938d60b02bc7adc849a9a41a85905b7ee1b3cc00b6f	ffprobe + SHA-256 of BMD stimulus_set file 0779.mp4	verified
780	train	BOLD Moments Dataset video 0780	BMD stimulus set, video 0780	https://boldmomentsdataset.csail.mit.edu/stimuli_metadata	third-party; not included	3	30	268	268	90	no	ac3ddd8b0c58900d6c840cabd690e4312d46aa3d88a1b68c1810c599adaff2ff	ffprobe + SHA-256 of BMD stimulus_set file 0780.mp4	verified
781	train	BOLD Moments Dataset video 0781	BMD stimulus set, video 0781	https://boldmomentsdataset.csail.mit.edu/stimuli_metadata	third-party; not included	3	24	268	268	72	no	f71b0a6eee6e81adfedaa7b702088f40607f723564b55de21f9994b363a68d04	ffprobe + SHA-256 of BMD stimulus_set file 0781.mp4	verified
782	train	BOLD Moments Dataset video 0782	BMD stimulus set, video 0782	https://boldmomentsdataset.csail.mit.edu/stimuli_metadata	third-party; not included	3	30	268	268	90	no	1b0aa5f54c4c89cb23ff3fafd64241217e9bb533353d8e9c23a71201b47a9ca8	ffprobe + SHA-256 of BMD stimulus_set file 0782.mp4	verified
783	train	BOLD Moments Dataset video 0783	BMD stimulus set, video 0783	https://boldmomentsdataset.csail.mit.edu/stimuli_metadata	third-party; not included	3	30	268	268	90	no	b3d4d3d92ff02f84e53124c02e24e3825857d47f1294083b9bba443f1e15cf24	ffprobe + SHA-256 of BMD stimulus_set file 0783.mp4	verified
784	train	BOLD Moments Dataset video 0784	BMD stimulus set, video 0784	https://boldmomentsdataset.csail.mit.edu/stimuli_metadata	third-party; not included	3	30	268	268	90	no	bce78610d17537822790d31c4e34af26a36122f4a803992fde27d5f834ca4664	ffprobe + SHA-256 of BMD stimulus_set file 0784.mp4	verified
785	train	BOLD Moments Dataset video 0785	BMD stimulus set, video 0785	https://boldmomentsdataset.csail.mit.edu/stimuli_metadata	third-party; not included	3	24	268	268	72	no	62b47b4a8deae59d407d0b0b8b5721601d7016193196eddea3da7474742ef595	ffprobe + SHA-256 of BMD stimulus_set file 0785.mp4	verified
786	train	BOLD Moments Dataset video 0786	BMD stimulus set, video 0786	https://boldmomentsdataset.csail.mit.edu/stimuli_metadata	third-party; not included	3	24	268	268	72	no	cd1dbf2193fb79db70ba351d585db958f378281763ba3e45a317352a95ce6aef	ffprobe + SHA-256 of BMD stimulus_set file 0786.mp4	verified
787	train	BOLD Moments Dataset video 0787	BMD stimulus set, video 0787	https://boldmomentsdataset.csail.mit.edu/stimuli_metadata	third-party; not included	3	30	268	268	90	no	06ce48e223461c2701e6d7ff1d2097e2cdd1b8f129fc1fc30b344463ee8b4555	ffprobe + SHA-256 of BMD stimulus_set file 0787.mp4	verified
788	train	BOLD Moments Dataset video 0788	BMD stimulus set, video 0788	https://boldmomentsdataset.csail.mit.edu/stimuli_metadata	third-party; not included	3	30	268	268	90	no	ce610e4ff12e81ae40bf673e4bd5f1ac26ace2261f7edf0a3208fa77828f2741	ffprobe + SHA-256 of BMD stimulus_set file 0788.mp4	verified
789	train	BOLD Moments Dataset video 0789	BMD stimulus set, video 0789	https://boldmomentsdataset.csail.mit.edu/stimuli_metadata	third-party; not included	3	30	268	268	90	no	3312bb42aa6ae134c988cad1af78363e61da3fd6e008468c05cffdce9dc7f8b0	ffprobe + SHA-256 of BMD stimulus_set file 0789.mp4	verified
790	train	BOLD Moments Dataset video 0790	BMD stimulus set, video 0790	https://boldmomentsdataset.csail.mit.edu/stimuli_metadata	third-party; not included	3	30	268	268	90	no	5bd3c04641985d1fc9cdf5b4aeb43013900b0ced0a982af724b276cc2a42af85	ffprobe + SHA-256 of BMD stimulus_set file 0790.mp4	verified
791	train	BOLD Moments Dataset video 0791	BMD stimulus set, video 0791	https://boldmomentsdataset.csail.mit.edu/stimuli_metadata	third-party; not included	3	30	268	268	90	no	e37384603b27ad632be3e913aec3c8b7d1e2ec3008ec35f17a8f6fb9fff6d340	ffprobe + SHA-256 of BMD stimulus_set file 0791.mp4	verified
792	train	BOLD Moments Dataset video 0792	BMD stimulus set, video 0792	https://boldmomentsdataset.csail.mit.edu/stimuli_metadata	third-party; not included	3.03	30	268	268	91	no	e13b0038752ace0b449ef968032d8b76826d9112bbd25e93e04cc3ad48004670	ffprobe + SHA-256 of BMD stimulus_set file 0792.mp4	verified
793	train	BOLD Moments Dataset video 0793	BMD stimulus set, video 0793	https://boldmomentsdataset.csail.mit.edu/stimuli_metadata	third-party; not included	3	30	268	268	90	no	14806c191dd94a0443cca617f561531708b0a65473855cdf09dc8bc2a23ac511	ffprobe + SHA-256 of BMD stimulus_set file 0793.mp4	verified
794	train	BOLD Moments Dataset video 0794	BMD stimulus set, video 0794	https://boldmomentsdataset.csail.mit.edu/stimuli_metadata	third-party; not included	3.04	24	268	268	73	no	e3b86f6d76435d4feeaf8551655de09650a5af45e33c0992bce674a909c40699	ffprobe + SHA-256 of BMD stimulus_set file 0794.mp4	verified
795	train	BOLD Moments Dataset video 0795	BMD stimulus set, video 0795	https://boldmomentsdataset.csail.mit.edu/stimuli_metadata	third-party; not included	3	30	268	268	90	no	cee97b4ef8b579c9eadae752122273f38cad5d3c047306ed4d21d6d8905f5cb7	ffprobe + SHA-256 of BMD stimulus_set file 0795.mp4	verified
796	train	BOLD Moments Dataset video 0796	BMD stimulus set, video 0796	https://boldmomentsdataset.csail.mit.edu/stimuli_metadata	third-party; not included	3.03	30	268	268	91	no	9dae66802370873dc3ced5312961dcff9c4fb50936abfa6add80bc11570f4b5f	ffprobe + SHA-256 of BMD stimulus_set file 0796.mp4	verified
797	train	BOLD Moments Dataset video 0797	BMD stimulus set, video 0797	https://boldmomentsdataset.csail.mit.edu/stimuli_metadata	third-party; not included	3	30	268	268	90	no	9b7e8db63084c9e87c369488179b907d899ebbf6fbc7f4ee4f288732f1eafe56	ffprobe + SHA-256 of BMD stimulus_set file 0797.mp4	verified
798	train	BOLD Moments Dataset video 0798	BMD stimulus set, video 0798	https://boldmomentsdataset.csail.mit.edu/stimuli_metadata	third-party; not included	3	30	268	268	90	no	7f94e49ae3c41cd4abae868601f185d2aa1200667557908fccf8c877b765967e	ffprobe + SHA-256 of BMD stimulus_set file 0798.mp4	verified
799	train	BOLD Moments Dataset video 0799	BMD stimulus set, video 0799	https://boldmomentsdataset.csail.mit.edu/stimuli_metadata	third-party; not included	3	30	268	268	90	no	2a6c283a8dbb120749e9f197df285eecf1b722886f31919c8151d13e0ada1361	ffprobe + SHA-256 of BMD stimulus_set file 0799.mp4	verified
800	train	BOLD Moments Dataset video 0800	BMD stimulus set, video 0800	https://boldmomentsdataset.csail.mit.edu/stimuli_metadata	third-party; not included	3	24	268	268	72	no	108f538ecfcd23a73173ee629f3ee285999272d648ccf40283eb1fd3ce1b9197	ffprobe + SHA-256 of BMD stimulus_set file 0800.mp4	verified
801	train	BOLD Moments Dataset video 0801	BMD stimulus set, video 0801	https://boldmomentsdataset.csail.mit.edu/stimuli_metadata	third-party; not included	3	30	268	268	90	no	49d6b40fe6f9f433df94d7c365b1f724bfb39b17be69bd416539bd70627348be	ffprobe + SHA-256 of BMD stimulus_set file 0801.mp4	verified
802	train	BOLD Moments Dataset video 0802	BMD stimulus set, video 0802	https://boldmomentsdataset.csail.mit.edu/stimuli_metadata	third-party; not included	3	30	268	268	90	no	ff45d72c42781527fb720dd8195b3ea429313d4cbb3ae4ea1dd145d09f118aea	ffprobe + SHA-256 of BMD stimulus_set file 0802.mp4	verified
803	train	BOLD Moments Dataset video 0803	BMD stimulus set, video 0803	https://boldmomentsdataset.csail.mit.edu/stimuli_metadata	third-party; not included	3	30	268	268	90	no	51899cd689ff23539cc372ed3d559d01916acce56cb881af23213ad6eb70e09a	ffprobe + SHA-256 of BMD stimulus_set file 0803.mp4	verified
804	train	BOLD Moments Dataset video 0804	BMD stimulus set, video 0804	https://boldmomentsdataset.csail.mit.edu/stimuli_metadata	third-party; not included	3	30	268	268	90	no	63b43b9287a7fdb4b4d27ded6a50681014cadbc8f8336db00c3ed50c7b2b9a2c	ffprobe + SHA-256 of BMD stimulus_set file 0804.mp4	verified
805	train	BOLD Moments Dataset video 0805	BMD stimulus set, video 0805	https://boldmomentsdataset.csail.mit.edu/stimuli_metadata	third-party; not included	3	30	268	268	90	no	9b9e71de129246ac944206d24a9ec072c5acea785242e17e1ebfa892084de551	ffprobe + SHA-256 of BMD stimulus_set file 0805.mp4	verified
806	train	BOLD Moments Dataset video 0806	BMD stimulus set, video 0806	https://boldmomentsdataset.csail.mit.edu/stimuli_metadata	third-party; not included	3	30	268	268	90	no	36ee26c9edb4167513061790205ac0b6e6fa317289e886066af58f2015d3831e	ffprobe + SHA-256 of BMD stimulus_set file 0806.mp4	verified
807	train	BOLD Moments Dataset video 0807	BMD stimulus set, video 0807	https://boldmomentsdataset.csail.mit.edu/stimuli_metadata	third-party; not included	3	30	268	268	90	no	7cd4f5d83abaa0d36e3098b1ef7bfe422d8ccf77729a25dad772e035a1ee4f84	ffprobe + SHA-256 of BMD stimulus_set file 0807.mp4	verified
808	train	BOLD Moments Dataset video 0808	BMD stimulus set, video 0808	https://boldmomentsdataset.csail.mit.edu/stimuli_metadata	third-party; not included	3	30	268	268	90	no	3552641a7ab18d2e222669a15e21968bdae2776008cdbf7bc18b7faa2e69ccb6	ffprobe + SHA-256 of BMD stimulus_set file 0808.mp4	verified
809	train	BOLD Moments Dataset video 0809	BMD stimulus set, video 0809	https://boldmomentsdataset.csail.mit.edu/stimuli_metadata	third-party; not included	3	30	268	268	90	no	540ac908c67ef00f941bdf38d536c19f32a82b900931ddcd34f97c36a925067c	ffprobe + SHA-256 of BMD stimulus_set file 0809.mp4	verified
810	train	BOLD Moments Dataset video 0810	BMD stimulus set, video 0810	https://boldmomentsdataset.csail.mit.edu/stimuli_metadata	third-party; not included	3	24	268	268	72	no	da77785a68d9598241552494193360bcc5de27ec23b97ad0ff82eea9c43da3be	ffprobe + SHA-256 of BMD stimulus_set file 0810.mp4	verified
811	train	BOLD Moments Dataset video 0811	BMD stimulus set, video 0811	https://boldmomentsdataset.csail.mit.edu/stimuli_metadata	third-party; not included	3	30	268	268	90	no	f478d898c939d43e6e720f4ca78b8ade43d61f1d9e8387eee6dbcf4e3d952604	ffprobe + SHA-256 of BMD stimulus_set file 0811.mp4	verified
812	train	BOLD Moments Dataset video 0812	BMD stimulus set, video 0812	https://boldmomentsdataset.csail.mit.edu/stimuli_metadata	third-party; not included	3	30	268	268	90	no	6c3050571ce23ac838ec8c772001baee06c44415c1b2120d51232214f6562142	ffprobe + SHA-256 of BMD stimulus_set file 0812.mp4	verified
813	train	BOLD Moments Dataset video 0813	BMD stimulus set, video 0813	https://boldmomentsdataset.csail.mit.edu/stimuli_metadata	third-party; not included	3	30	268	268	90	no	4a1f2b256c35df8313dff5fa9249dc86e81a8f9edbe3464efc1acada3150183a	ffprobe + SHA-256 of BMD stimulus_set file 0813.mp4	verified
814	train	BOLD Moments Dataset video 0814	BMD stimulus set, video 0814	https://boldmomentsdataset.csail.mit.edu/stimuli_metadata	third-party; not included	3	30	268	268	90	no	761444cc70cb25aeb29a0bdabf6f7561006f1dc3cdf6d94c3d12decaeba35c32	ffprobe + SHA-256 of BMD stimulus_set file 0814.mp4	verified
815	train	BOLD Moments Dataset video 0815	BMD stimulus set, video 0815	https://boldmomentsdataset.csail.mit.edu/stimuli_metadata	third-party; not included	3	30	268	268	90	no	bf5a324ba7dc14d5610db49a5d30f3f7c27d71db8009cb3352cacd47d6fd88c7	ffprobe + SHA-256 of BMD stimulus_set file 0815.mp4	verified
816	train	BOLD Moments Dataset video 0816	BMD stimulus set, video 0816	https://boldmomentsdataset.csail.mit.edu/stimuli_metadata	third-party; not included	3	30	268	268	90	no	73b4a2bc68a5c353aa912f87eecb95072308668d03741882d70a7f03c5b7b156	ffprobe + SHA-256 of BMD stimulus_set file 0816.mp4	verified
817	train	BOLD Moments Dataset video 0817	BMD stimulus set, video 0817	https://boldmomentsdataset.csail.mit.edu/stimuli_metadata	third-party; not included	3	30	268	268	90	no	d8bc1724238caea49ffc4a67db7e498b392911e709cb339484088d70e7c5715f	ffprobe + SHA-256 of BMD stimulus_set file 0817.mp4	verified
818	train	BOLD Moments Dataset video 0818	BMD stimulus set, video 0818	https://boldmomentsdataset.csail.mit.edu/stimuli_metadata	third-party; not included	3	30	268	268	90	no	65e8368c9b4416aff09b98d8ef90c7204b511e02457855c4a5546042a38f3035	ffprobe + SHA-256 of BMD stimulus_set file 0818.mp4	verified
819	train	BOLD Moments Dataset video 0819	BMD stimulus set, video 0819	https://boldmomentsdataset.csail.mit.edu/stimuli_metadata	third-party; not included	3	30	268	268	90	no	48d3a8a54987d5bb193e6b2a610afb168072a811ac4aedd6a2c428d88a753001	ffprobe + SHA-256 of BMD stimulus_set file 0819.mp4	verified
820	train	BOLD Moments Dataset video 0820	BMD stimulus set, video 0820	https://boldmomentsdataset.csail.mit.edu/stimuli_metadata	third-party; not included	3	30	268	268	90	no	d5b63cfcdf1d6e946317439523147deb6fb4802363fad2875d68bc425136de86	ffprobe + SHA-256 of BMD stimulus_set file 0820.mp4	verified
821	train	BOLD Moments Dataset video 0821	BMD stimulus set, video 0821	https://boldmomentsdataset.csail.mit.edu/stimuli_metadata	third-party; not included	3	15	268	268	45	no	3c17169b82244ae28bdb63cccc12ec1f849dd275d1b73a5f2bf9f03361e0a731	ffprobe + SHA-256 of BMD stimulus_set file 0821.mp4	verified
822	train	BOLD Moments Dataset video 0822	BMD stimulus set, video 0822	https://boldmomentsdataset.csail.mit.edu/stimuli_metadata	third-party; not included	3	24	268	268	72	no	f5a00c3370757890f9df72929b7461cd61a9df763b7559da437068f4f8c87a2b	ffprobe + SHA-256 of BMD stimulus_set file 0822.mp4	verified
823	train	BOLD Moments Dataset video 0823	BMD stimulus set, video 0823	https://boldmomentsdataset.csail.mit.edu/stimuli_metadata	third-party; not included	3	30	268	268	90	no	85b81d1feee650490c03be1707e97e5af839bd7e130a399475b8cfcf6aadb836	ffprobe + SHA-256 of BMD stimulus_set file 0823.mp4	verified
824	train	BOLD Moments Dataset video 0824	BMD stimulus set, video 0824	https://boldmomentsdataset.csail.mit.edu/stimuli_metadata	third-party; not included	3	30	268	268	90	no	5f2eb8379535437770ad29debd88f93a563c7295cf415c0cb1a8e782d1020d7a	ffprobe + SHA-256 of BMD stimulus_set file 0824.mp4	verified
825	train	BOLD Moments Dataset video 0825	BMD stimulus set, video 0825	https://boldmomentsdataset.csail.mit.edu/stimuli_metadata	third-party; not included	3	24	268	268	72	no	790b3e0b4d34e6e168a40d58ca2967345dd6dd50422405341a5a1566500b830c	ffprobe + SHA-256 of BMD stimulus_set file 0825.mp4	verified
826	train	BOLD Moments Dataset video 0826	BMD stimulus set, video 0826	https://boldmomentsdataset.csail.mit.edu/stimuli_metadata	third-party; not included	3.04	24	268	268	73	no	bd45c6ab5d3c8ab00e2d03d322e3b044ed9cf64217c47e8cf332d6dcec49129d	ffprobe + SHA-256 of BMD stimulus_set file 0826.mp4	verified
827	train	BOLD Moments Dataset video 0827	BMD stimulus set, video 0827	https://boldmomentsdataset.csail.mit.edu/stimuli_metadata	third-party; not included	3	24	268	268	72	no	572214ac9fdb42589184bfed19e0d7dff5c4dc1191c83c5776654fcac7579f07	ffprobe + SHA-256 of BMD stimulus_set file 0827.mp4	verified
828	train	BOLD Moments Dataset video 0828	BMD stimulus set, video 0828	https://boldmomentsdataset.csail.mit.edu/stimuli_metadata	third-party; not included	3.03	30	268	268	91	no	906ea91d5bf13b957aad1dc2887733b5b2e1099d73465e7d864faff0ad65df80	ffprobe + SHA-256 of BMD stimulus_set file 0828.mp4	verified
829	train	BOLD Moments Dataset video 0829	BMD stimulus set, video 0829	https://boldmomentsdataset.csail.mit.edu/stimuli_metadata	third-party; not included	3	30	268	268	90	no	fc787f488dcd7a4721b2948250617f597a44098e9e43092ee5dbdacc2a207677	ffprobe + SHA-256 of BMD stimulus_set file 0829.mp4	verified
830	train	BOLD Moments Dataset video 0830	BMD stimulus set, video 0830	https://boldmomentsdataset.csail.mit.edu/stimuli_metadata	third-party; not included	3	30	268	268	90	no	ee07603574858adaf47ac973aa488df3beefbdcc3fe67ed7595f680363450043	ffprobe + SHA-256 of BMD stimulus_set file 0830.mp4	verified
831	train	BOLD Moments Dataset video 0831	BMD stimulus set, video 0831	https://boldmomentsdataset.csail.mit.edu/stimuli_metadata	third-party; not included	3	24	268	268	72	no	0a5176d280697af24a9bd186c849494e167b958eae15081af05e60b5002df3b8	ffprobe + SHA-256 of BMD stimulus_set file 0831.mp4	verified
832	train	BOLD Moments Dataset video 0832	BMD stimulus set, video 0832	https://boldmomentsdataset.csail.mit.edu/stimuli_metadata	third-party; not included	3	24	268	268	72	no	b073e46abb2ad8d7b158e8462e15e612aa24d1d3346aa75665eb82317853d0c0	ffprobe + SHA-256 of BMD stimulus_set file 0832.mp4	verified
833	train	BOLD Moments Dataset video 0833	BMD stimulus set, video 0833	https://boldmomentsdataset.csail.mit.edu/stimuli_metadata	third-party; not included	3	30	268	268	90	no	f507c094b7f8c0aab1a1cfc190ec3ef3ce1c22445c969f9ff362f46988eacd60	ffprobe + SHA-256 of BMD stimulus_set file 0833.mp4	verified
834	train	BOLD Moments Dataset video 0834	BMD stimulus set, video 0834	https://boldmomentsdataset.csail.mit.edu/stimuli_metadata	third-party; not included	3.03	30	268	268	91	no	708e5a6286c88845d1b029cb8d43464ea4a71d10872d4257fb625464e6cd538f	ffprobe + SHA-256 of BMD stimulus_set file 0834.mp4	verified
835	train	BOLD Moments Dataset video 0835	BMD stimulus set, video 0835	https://boldmomentsdataset.csail.mit.edu/stimuli_metadata	third-party; not included	3	30	268	268	90	no	856883e5a91b7cc46c19d6a775040added8f8f6075de903f7e96d8936c4d540f	ffprobe + SHA-256 of BMD stimulus_set file 0835.mp4	verified
836	train	BOLD Moments Dataset video 0836	BMD stimulus set, video 0836	https://boldmomentsdataset.csail.mit.edu/stimuli_metadata	third-party; not included	3	15	268	268	45	no	af72a3583aef9c700b424099398ab302397d15a62494c301a2bc9944be4e2630	ffprobe + SHA-256 of BMD stimulus_set file 0836.mp4	verified
837	train	BOLD Moments Dataset video 0837	BMD stimulus set, video 0837	https://boldmomentsdataset.csail.mit.edu/stimuli_metadata	third-party; not included	3	30	268	268	90	no	f4eeb48494fcbd0c4a82698cb637eb38c823498c87b90ffe22b43adb4e4ce2fc	ffprobe + SHA-256 of BMD stimulus_set file 0837.mp4	verified
838	train	BOLD Moments Dataset video 0838	BMD stimulus set, video 0838	https://boldmomentsdataset.csail.mit.edu/stimuli_metadata	third-party; not included	3	30	268	268	90	no	0778d2729d7ef05f59f371f2c82c17d0c0ee8c074ce9f737a0990639481ebdbe	ffprobe + SHA-256 of BMD stimulus_set file 0838.mp4	verified
839	train	BOLD Moments Dataset video 0839	BMD stimulus set, video 0839	https://boldmomentsdataset.csail.mit.edu/stimuli_metadata	third-party; not included	3	30	268	268	90	no	f75711e1b4976f1dff1a03bb422aa1b22742f8e4d5999638ad6f44b542f091a0	ffprobe + SHA-256 of BMD stimulus_set file 0839.mp4	verified
840	train	BOLD Moments Dataset video 0840	BMD stimulus set, video 0840	https://boldmomentsdataset.csail.mit.edu/stimuli_metadata	third-party; not included	3	30	268	268	90	no	9a4fb15f5ce6ae338d551dae0fc1a5f881733fa3f0c3bc5e7b4b7ca58b6f2d95	ffprobe + SHA-256 of BMD stimulus_set file 0840.mp4	verified
841	train	BOLD Moments Dataset video 0841	BMD stimulus set, video 0841	https://boldmomentsdataset.csail.mit.edu/stimuli_metadata	third-party; not included	3	30	268	268	90	no	145451bcc3e2434e23c6a91aa4a6fabf795b0892642f22934dbffe6224a84dd5	ffprobe + SHA-256 of BMD stimulus_set file 0841.mp4	verified
842	train	BOLD Moments Dataset video 0842	BMD stimulus set, video 0842	https://boldmomentsdataset.csail.mit.edu/stimuli_metadata	third-party; not included	3	30	268	268	90	no	dcc3f273380ee86572eead79f1c6272f62d7be7ef22a03ac23715a251fbf38c5	ffprobe + SHA-256 of BMD stimulus_set file 0842.mp4	verified
843	train	BOLD Moments Dataset video 0843	BMD stimulus set, video 0843	https://boldmomentsdataset.csail.mit.edu/stimuli_metadata	third-party; not included	3	30	268	268	90	no	38a2d0abc181feff6f263db59b31994579406120a4c7026b0b406b1d3a083701	ffprobe + SHA-256 of BMD stimulus_set file 0843.mp4	verified
844	train	BOLD Moments Dataset video 0844	BMD stimulus set, video 0844	https://boldmomentsdataset.csail.mit.edu/stimuli_metadata	third-party; not included	3	30	268	268	90	no	166d93319493d4e841bd7d2666b4e8ad29b06db3a08d3c22d8bd6441750da11f	ffprobe + SHA-256 of BMD stimulus_set file 0844.mp4	verified
845	train	BOLD Moments Dataset video 0845	BMD stimulus set, video 0845	https://boldmomentsdataset.csail.mit.edu/stimuli_metadata	third-party; not included	3	30	268	268	90	no	a1737caf2c37d535d768a0de1bc4f9704578e6920db18414c550a9d55767b409	ffprobe + SHA-256 of BMD stimulus_set file 0845.mp4	verified
846	train	BOLD Moments Dataset video 0846	BMD stimulus set, video 0846	https://boldmomentsdataset.csail.mit.edu/stimuli_metadata	third-party; not included	3	30	268	268	90	no	95d2917e4028186b8642b325114189d97b212f08f43d99ceebb677428d778b89	ffprobe + SHA-256 of BMD stimulus_set file 0846.mp4	verified
847	train	BOLD Moments Dataset video 0847	BMD stimulus set, video 0847	https://boldmomentsdataset.csail.mit.edu/stimuli_metadata	third-party; not included	3.03	30	268	268	91	no	0ec846d21a46edfea68e94d436f0a2292c09a249d25ef0404a800aa8c8c036f4	ffprobe + SHA-256 of BMD stimulus_set file 0847.mp4	verified
848	train	BOLD Moments Dataset video 0848	BMD stimulus set, video 0848	https://boldmomentsdataset.csail.mit.edu/stimuli_metadata	third-party; not included	3.04	24	268	268	73	no	fcc29315b37005067e069cf41abb9ea5395b20ff2f3ef6dc4aed8b220012b01a	ffprobe + SHA-256 of BMD stimulus_set file 0848.mp4	verified
849	train	BOLD Moments Dataset video 0849	BMD stimulus set, video 0849	https://boldmomentsdataset.csail.mit.edu/stimuli_metadata	third-party; not included	3.03	30	268	268	91	no	330a8b254b6709ffd20f584c1a539273198893d4cd2b824b8bb1ee88104b87c2	ffprobe + SHA-256 of BMD stimulus_set file 0849.mp4	verified
850	train	BOLD Moments Dataset video 0850	BMD stimulus set, video 0850	https://boldmomentsdataset.csail.mit.edu/stimuli_metadata	third-party; not included	3.03	30	268	268	91	no	81d1268d1517ccd49ea33247b1830f71e8eb3161b97e7164fdfd2bd7f9250bf1	ffprobe + SHA-256 of BMD stimulus_set file 0850.mp4	verified
851	train	BOLD Moments Dataset video 0851	BMD stimulus set, video 0851	https://boldmomentsdataset.csail.mit.edu/stimuli_metadata	third-party; not included	3.04	24	268	268	73	no	1712e060258c312e301d4b3fd36320c3a973e205ba3b6d1a58bd903a6c829fe4	ffprobe + SHA-256 of BMD stimulus_set file 0851.mp4	verified
852	train	BOLD Moments Dataset video 0852	BMD stimulus set, video 0852	https://boldmomentsdataset.csail.mit.edu/stimuli_metadata	third-party; not included	3	30	268	268	90	no	cdf59458bb1a64292385be31a52cb042727212755aedfabecff0d56c1ffc39a7	ffprobe + SHA-256 of BMD stimulus_set file 0852.mp4	verified
853	train	BOLD Moments Dataset video 0853	BMD stimulus set, video 0853	https://boldmomentsdataset.csail.mit.edu/stimuli_metadata	third-party; not included	3	30	268	268	90	no	8f8c59014c17b96e0bef4669c5f5d6a1a2e22c679a8b61e14cda22eac9faa3bf	ffprobe + SHA-256 of BMD stimulus_set file 0853.mp4	verified
854	train	BOLD Moments Dataset video 0854	BMD stimulus set, video 0854	https://boldmomentsdataset.csail.mit.edu/stimuli_metadata	third-party; not included	3.03	30	268	268	91	no	abd5266b44716b27b4646adad1016387159b2479c841661ab3ef94c0ec0ea354	ffprobe + SHA-256 of BMD stimulus_set file 0854.mp4	verified
855	train	BOLD Moments Dataset video 0855	BMD stimulus set, video 0855	https://boldmomentsdataset.csail.mit.edu/stimuli_metadata	third-party; not included	3	30	268	268	90	no	5409cb702ad3f3d62874e6224c9a75c3407ec23b052a187db2fe683d0d8d74f5	ffprobe + SHA-256 of BMD stimulus_set file 0855.mp4	verified
856	train	BOLD Moments Dataset video 0856	BMD stimulus set, video 0856	https://boldmomentsdataset.csail.mit.edu/stimuli_metadata	third-party; not included	3	30	268	268	90	no	530a014c78397be29af123616c6d48acb65bbd9df386d58257fd6e87978e9fe5	ffprobe + SHA-256 of BMD stimulus_set file 0856.mp4	verified
857	train	BOLD Moments Dataset video 0857	BMD stimulus set, video 0857	https://boldmomentsdataset.csail.mit.edu/stimuli_metadata	third-party; not included	3.03	30	268	268	91	no	d7827edd31fcac78de90a1f76dfd575be3e6eefbaeecbbedc73c1d82383f541a	ffprobe + SHA-256 of BMD stimulus_set file 0857.mp4	verified
858	train	BOLD Moments Dataset video 0858	BMD stimulus set, video 0858	https://boldmomentsdataset.csail.mit.edu/stimuli_metadata	third-party; not included	3	30	268	268	90	no	61d81388b3af7ec3ec529bae643ce41e4a1326b3fb3b0d551045ede7c18251ea	ffprobe + SHA-256 of BMD stimulus_set file 0858.mp4	verified
859	train	BOLD Moments Dataset video 0859	BMD stimulus set, video 0859	https://boldmomentsdataset.csail.mit.edu/stimuli_metadata	third-party; not included	3	30	268	268	90	no	f8cc1ae72014c5d882b8c71023b8e99ccf48a656e2098cd622aca650fc999f27	ffprobe + SHA-256 of BMD stimulus_set file 0859.mp4	verified
860	train	BOLD Moments Dataset video 0860	BMD stimulus set, video 0860	https://boldmomentsdataset.csail.mit.edu/stimuli_metadata	third-party; not included	3.03	30	268	268	91	no	a2b75c9e70ddc8f972e3cb83e021ce492f1339d857cdf73f54e8a07740a4e110	ffprobe + SHA-256 of BMD stimulus_set file 0860.mp4	verified
861	train	BOLD Moments Dataset video 0861	BMD stimulus set, video 0861	https://boldmomentsdataset.csail.mit.edu/stimuli_metadata	third-party; not included	3.03	30	268	268	91	no	49293a3307947baa23b9118dad6cccfe6a21d9f84ec79548f7cb32e350255789	ffprobe + SHA-256 of BMD stimulus_set file 0861.mp4	verified
862	train	BOLD Moments Dataset video 0862	BMD stimulus set, video 0862	https://boldmomentsdataset.csail.mit.edu/stimuli_metadata	third-party; not included	3.03	30	268	268	91	no	39ff144b3a9cfbf2412588cb72d1acaa4b53eee4ab6cd3d78949976bac2abccf	ffprobe + SHA-256 of BMD stimulus_set file 0862.mp4	verified
863	train	BOLD Moments Dataset video 0863	BMD stimulus set, video 0863	https://boldmomentsdataset.csail.mit.edu/stimuli_metadata	third-party; not included	3.03	30	268	268	91	no	c06e863d9c3de9a9d06e6ee71149b05fa659118541bd1bcb80dae9251d225675	ffprobe + SHA-256 of BMD stimulus_set file 0863.mp4	verified
864	train	BOLD Moments Dataset video 0864	BMD stimulus set, video 0864	https://boldmomentsdataset.csail.mit.edu/stimuli_metadata	third-party; not included	3	30	268	268	90	no	a31111773a0418228ccb25b8c9a9867b36b26a52d8eb00f47e0bcf54cbf1b579	ffprobe + SHA-256 of BMD stimulus_set file 0864.mp4	verified
865	train	BOLD Moments Dataset video 0865	BMD stimulus set, video 0865	https://boldmomentsdataset.csail.mit.edu/stimuli_metadata	third-party; not included	3.03	30	268	268	91	no	4141926dd5e507ee6b7aee1f3b4f80086443ba6318c0f66814b8da43aecdbb11	ffprobe + SHA-256 of BMD stimulus_set file 0865.mp4	verified
866	train	BOLD Moments Dataset video 0866	BMD stimulus set, video 0866	https://boldmomentsdataset.csail.mit.edu/stimuli_metadata	third-party; not included	3	30	268	268	90	no	653d3538d4c76934679f677cb00f10dc52a5c22ffb1327411873423e860bc83e	ffprobe + SHA-256 of BMD stimulus_set file 0866.mp4	verified
867	train	BOLD Moments Dataset video 0867	BMD stimulus set, video 0867	https://boldmomentsdataset.csail.mit.edu/stimuli_metadata	third-party; not included	3.04	25	268	268	76	no	f710ba9a15051abe1b23a9e2cdd7ecf39ee50d90d88e1d77a0c6a5bf5e1456eb	ffprobe + SHA-256 of BMD stimulus_set file 0867.mp4	verified
868	train	BOLD Moments Dataset video 0868	BMD stimulus set, video 0868	https://boldmomentsdataset.csail.mit.edu/stimuli_metadata	third-party; not included	3.03	30	268	268	91	no	a039d0976e0602d24b807ca803a05236eb71445097c49923508dc53f74c1de2e	ffprobe + SHA-256 of BMD stimulus_set file 0868.mp4	verified
869	train	BOLD Moments Dataset video 0869	BMD stimulus set, video 0869	https://boldmomentsdataset.csail.mit.edu/stimuli_metadata	third-party; not included	3	30	268	268	90	no	2df5d107ea622395fd3103adff50dc9e19a3abf808a8a4d1adf7604450a618b9	ffprobe + SHA-256 of BMD stimulus_set file 0869.mp4	verified
870	train	BOLD Moments Dataset video 0870	BMD stimulus set, video 0870	https://boldmomentsdataset.csail.mit.edu/stimuli_metadata	third-party; not included	3.03	30	268	268	91	no	0d48798b5b8019fd61486adccb7247717c3285ec9ebfb380f6900e8d4c6b764f	ffprobe + SHA-256 of BMD stimulus_set file 0870.mp4	verified
871	train	BOLD Moments Dataset video 0871	BMD stimulus set, video 0871	https://boldmomentsdataset.csail.mit.edu/stimuli_metadata	third-party; not included	3.04	24	268	268	73	no	afa2c7718d655865f5f6eb334d8eeb265606a0ff8e3a3f986afb142fafe33d0e	ffprobe + SHA-256 of BMD stimulus_set file 0871.mp4	verified
872	train	BOLD Moments Dataset video 0872	BMD stimulus set, video 0872	https://boldmomentsdataset.csail.mit.edu/stimuli_metadata	third-party; not included	3.03	30	268	268	91	no	903ad7c8ec7342c5896e23a1c1d957fad0dbb1acf6849e07ff5398f71fbbb110	ffprobe + SHA-256 of BMD stimulus_set file 0872.mp4	verified
873	train	BOLD Moments Dataset video 0873	BMD stimulus set, video 0873	https://boldmomentsdataset.csail.mit.edu/stimuli_metadata	third-party; not included	3.03	30	268	268	91	no	ebf42989f791df0ce3d36281775d9218ae12e32b90a33573a736d16456487533	ffprobe + SHA-256 of BMD stimulus_set file 0873.mp4	verified
874	train	BOLD Moments Dataset video 0874	BMD stimulus set, video 0874	https://boldmomentsdataset.csail.mit.edu/stimuli_metadata	third-party; not included	3	30	268	268	90	no	4aae99146a264beae347eb2cf86874b721754652d995636cf1e8a69c4c1287bf	ffprobe + SHA-256 of BMD stimulus_set file 0874.mp4	verified
875	train	BOLD Moments Dataset video 0875	BMD stimulus set, video 0875	https://boldmomentsdataset.csail.mit.edu/stimuli_metadata	third-party; not included	3	30	268	268	90	no	c5dd113b972bfdf7a4d0c7ff4a2678e83160118873a3998bbc57662b39116646	ffprobe + SHA-256 of BMD stimulus_set file 0875.mp4	verified
876	train	BOLD Moments Dataset video 0876	BMD stimulus set, video 0876	https://boldmomentsdataset.csail.mit.edu/stimuli_metadata	third-party; not included	3.04	24	268	268	73	no	52509a766a02885c55aeb9dec2e99c76b571838e919cb77cfd2a1049dd5c6aff	ffprobe + SHA-256 of BMD stimulus_set file 0876.mp4	verified
877	train	BOLD Moments Dataset video 0877	BMD stimulus set, video 0877	https://boldmomentsdataset.csail.mit.edu/stimuli_metadata	third-party; not included	3	30	268	268	90	no	8671ebecdc6374ad0f5b5c401be1fe672bdaea2ab9e01c5f22d952b0544b99b0	ffprobe + SHA-256 of BMD stimulus_set file 0877.mp4	verified
878	train	BOLD Moments Dataset video 0878	BMD stimulus set, video 0878	https://boldmomentsdataset.csail.mit.edu/stimuli_metadata	third-party; not included	3.03	30	268	268	91	no	93225e8cf50a105b3f0a90f245fdb235bc0679b969d6fe2cc0d16bd67ca23202	ffprobe + SHA-256 of BMD stimulus_set file 0878.mp4	verified
879	train	BOLD Moments Dataset video 0879	BMD stimulus set, video 0879	https://boldmomentsdataset.csail.mit.edu/stimuli_metadata	third-party; not included	3.03	30	268	268	91	no	cb2a6792dc7a3125316f7c4745fd3aef0102f52d7af6ba75553517aa8fa14699	ffprobe + SHA-256 of BMD stimulus_set file 0879.mp4	verified
880	train	BOLD Moments Dataset video 0880	BMD stimulus set, video 0880	https://boldmomentsdataset.csail.mit.edu/stimuli_metadata	third-party; not included	3	24	268	268	72	no	060aabc4ae29b83b3144181dea91d9152965d0d4338451949d13f0967a454138	ffprobe + SHA-256 of BMD stimulus_set file 0880.mp4	verified
881	train	BOLD Moments Dataset video 0881	BMD stimulus set, video 0881	https://boldmomentsdataset.csail.mit.edu/stimuli_metadata	third-party; not included	3.03	30	268	268	91	no	aecbbc513e88cef7b058db1e0293a015f4b6e349898b99cbc952f3deee106a9b	ffprobe + SHA-256 of BMD stimulus_set file 0881.mp4	verified
882	train	BOLD Moments Dataset video 0882	BMD stimulus set, video 0882	https://boldmomentsdataset.csail.mit.edu/stimuli_metadata	third-party; not included	3	30	268	268	90	no	72f73cfccc134ca23fe93f7957bb3b8e7d03b4d1bad51a33175eaa203941102c	ffprobe + SHA-256 of BMD stimulus_set file 0882.mp4	verified
883	train	BOLD Moments Dataset video 0883	BMD stimulus set, video 0883	https://boldmomentsdataset.csail.mit.edu/stimuli_metadata	third-party; not included	3.03	30	268	268	91	no	208fada055a2405113b2373346a14ad14824df596048a29d16cf47aedbbc7f5c	ffprobe + SHA-256 of BMD stimulus_set file 0883.mp4	verified
884	train	BOLD Moments Dataset video 0884	BMD stimulus set, video 0884	https://boldmomentsdataset.csail.mit.edu/stimuli_metadata	third-party; not included	3.03	30	268	268	91	no	3a5988597a80c739129c23c4ef634eeb9e00f61d5bfa44e010d47ad9e3a07872	ffprobe + SHA-256 of BMD stimulus_set file 0884.mp4	verified
885	train	BOLD Moments Dataset video 0885	BMD stimulus set, video 0885	https://boldmomentsdataset.csail.mit.edu/stimuli_metadata	third-party; not included	3	30	268	268	90	no	acf9f2e266c6b4cd963f5f6765077df41a98028451375ca1ba7358a5adfaecf7	ffprobe + SHA-256 of BMD stimulus_set file 0885.mp4	verified
886	train	BOLD Moments Dataset video 0886	BMD stimulus set, video 0886	https://boldmomentsdataset.csail.mit.edu/stimuli_metadata	third-party; not included	3	24	268	268	72	no	a3f8f93694b3777d2bea886c1e06d9caffd99beed4bc560a20d953e731ad2ac5	ffprobe + SHA-256 of BMD stimulus_set file 0886.mp4	verified
887	train	BOLD Moments Dataset video 0887	BMD stimulus set, video 0887	https://boldmomentsdataset.csail.mit.edu/stimuli_metadata	third-party; not included	3.03	30	268	268	91	no	44a6bf9fdfa33acbb4c398574512e243d2eb791c8fb45624da726eada86dc8c8	ffprobe + SHA-256 of BMD stimulus_set file 0887.mp4	verified
888	train	BOLD Moments Dataset video 0888	BMD stimulus set, video 0888	https://boldmomentsdataset.csail.mit.edu/stimuli_metadata	third-party; not included	3	15	268	268	45	no	a32153e4c3cec3ad334b32158b2855a451ef14d00788c82175d36ee6b06e5f42	ffprobe + SHA-256 of BMD stimulus_set file 0888.mp4	verified
889	train	BOLD Moments Dataset video 0889	BMD stimulus set, video 0889	https://boldmomentsdataset.csail.mit.edu/stimuli_metadata	third-party; not included	3	30	268	268	90	no	e52261d008a115f9c3a814e70b6688bbb2c1e367389d20746b8a23f92af0b368	ffprobe + SHA-256 of BMD stimulus_set file 0889.mp4	verified
890	train	BOLD Moments Dataset video 0890	BMD stimulus set, video 0890	https://boldmomentsdataset.csail.mit.edu/stimuli_metadata	third-party; not included	3	30	268	268	90	no	d8009f98372dcddccf82d5e3c3f88998064fc6b6c9d17ee15fd4f5df155c6fec	ffprobe + SHA-256 of BMD stimulus_set file 0890.mp4	verified
891	train	BOLD Moments Dataset video 0891	BMD stimulus set, video 0891	https://boldmomentsdataset.csail.mit.edu/stimuli_metadata	third-party; not included	3.03	30	268	268	91	no	bacf4a7621e46de77ba7c8e4b6f25d7dfcf686b98ac11c142e81901c9e6885d7	ffprobe + SHA-256 of BMD stimulus_set file 0891.mp4	verified
892	train	BOLD Moments Dataset video 0892	BMD stimulus set, video 0892	https://boldmomentsdataset.csail.mit.edu/stimuli_metadata	third-party; not included	3	24	268	268	72	no	3156445be2a07984590802e4244cda57eee57017ca14deac8fd575a53714c290	ffprobe + SHA-256 of BMD stimulus_set file 0892.mp4	verified
893	train	BOLD Moments Dataset video 0893	BMD stimulus set, video 0893	https://boldmomentsdataset.csail.mit.edu/stimuli_metadata	third-party; not included	3.03	30	268	268	91	no	8bb3fadc3901bf29b423d402df603af12f12230d868e4a505f5fff0fc336076c	ffprobe + SHA-256 of BMD stimulus_set file 0893.mp4	verified
894	train	BOLD Moments Dataset video 0894	BMD stimulus set, video 0894	https://boldmomentsdataset.csail.mit.edu/stimuli_metadata	third-party; not included	3	24	268	268	72	no	dd2014177241cd571417b7bff65243f08fa0e9f1d80d06bee32e4fe3f5053569	ffprobe + SHA-256 of BMD stimulus_set file 0894.mp4	verified
895	train	BOLD Moments Dataset video 0895	BMD stimulus set, video 0895	https://boldmomentsdataset.csail.mit.edu/stimuli_metadata	third-party; not included	3.03	30	268	268	91	no	4b432fa63b0381a8fa2fcf676eb48ac09bb4af4efa76b5477bef63dbd3c14612	ffprobe + SHA-256 of BMD stimulus_set file 0895.mp4	verified
896	train	BOLD Moments Dataset video 0896	BMD stimulus set, video 0896	https://boldmomentsdataset.csail.mit.edu/stimuli_metadata	third-party; not included	3	24	268	268	72	no	d5bcc047f05d7a3041ed63cf4d7897631025735e26c41b01f5e5ed57072e8353	ffprobe + SHA-256 of BMD stimulus_set file 0896.mp4	verified
897	train	BOLD Moments Dataset video 0897	BMD stimulus set, video 0897	https://boldmomentsdataset.csail.mit.edu/stimuli_metadata	third-party; not included	3	24	268	268	72	no	d1d35a9961ed8b6e54d629fec3379f49a9a97319d623cb1fa6cc7d4c53d55009	ffprobe + SHA-256 of BMD stimulus_set file 0897.mp4	verified
898	train	BOLD Moments Dataset video 0898	BMD stimulus set, video 0898	https://boldmomentsdataset.csail.mit.edu/stimuli_metadata	third-party; not included	3.03	30	268	268	91	no	081cedbd96530b4be79850c0e65c411c445f3d8e70a07bada9c7c814caf973ba	ffprobe + SHA-256 of BMD stimulus_set file 0898.mp4	verified
899	train	BOLD Moments Dataset video 0899	BMD stimulus set, video 0899	https://boldmomentsdataset.csail.mit.edu/stimuli_metadata	third-party; not included	3	30	268	268	90	no	5728f454369c3b1aeed87ff93a6165d0442c1a4556cd78a6f238725764141750	ffprobe + SHA-256 of BMD stimulus_set file 0899.mp4	verified
900	train	BOLD Moments Dataset video 0900	BMD stimulus set, video 0900	https://boldmomentsdataset.csail.mit.edu/stimuli_metadata	third-party; not included	3	30	268	268	90	no	abd340016301c040ca23f55d6780833a1e89c0308a249a73cf5744c69b806dd3	ffprobe + SHA-256 of BMD stimulus_set file 0900.mp4	verified
901	train	BOLD Moments Dataset video 0901	BMD stimulus set, video 0901	https://boldmomentsdataset.csail.mit.edu/stimuli_metadata	third-party; not included	3.03	30	268	268	91	no	82742577d9bf3ba87a14bf49609ab0034659910443a088bb026d6724228e1cee	ffprobe + SHA-256 of BMD stimulus_set file 0901.mp4	verified
902	train	BOLD Moments Dataset video 0902	BMD stimulus set, video 0902	https://boldmomentsdataset.csail.mit.edu/stimuli_metadata	third-party; not included	3	30	268	268	90	no	ba7bdfbd0d080fbaf94a887a457bab6edfc74f106e5dee39821d1fa254df78e7	ffprobe + SHA-256 of BMD stimulus_set file 0902.mp4	verified
903	train	BOLD Moments Dataset video 0903	BMD stimulus set, video 0903	https://boldmomentsdataset.csail.mit.edu/stimuli_metadata	third-party; not included	3	30	268	268	90	no	5948a612acdcee653af316b9e83f3fc615850f689b75531fc4124a77f47f4b9d	ffprobe + SHA-256 of BMD stimulus_set file 0903.mp4	verified
904	train	BOLD Moments Dataset video 0904	BMD stimulus set, video 0904	https://boldmomentsdataset.csail.mit.edu/stimuli_metadata	third-party; not included	3.03	30	268	268	91	no	6126ce73c889b8ce993fb6e2c593ca5059f6c2345d9e51242cf5dc1073a7b405	ffprobe + SHA-256 of BMD stimulus_set file 0904.mp4	verified
905	train	BOLD Moments Dataset video 0905	BMD stimulus set, video 0905	https://boldmomentsdataset.csail.mit.edu/stimuli_metadata	third-party; not included	3	30	268	268	90	no	7a68d545434c144b8ba16793754f4df77333420a34432832ca5b4cb28c270742	ffprobe + SHA-256 of BMD stimulus_set file 0905.mp4	verified
906	train	BOLD Moments Dataset video 0906	BMD stimulus set, video 0906	https://boldmomentsdataset.csail.mit.edu/stimuli_metadata	third-party; not included	3	30	268	268	90	no	b593c7f1e57d607f780c975d7cef16826af0aecf1cb87a42bed601932fca0ed2	ffprobe + SHA-256 of BMD stimulus_set file 0906.mp4	verified
907	train	BOLD Moments Dataset video 0907	BMD stimulus set, video 0907	https://boldmomentsdataset.csail.mit.edu/stimuli_metadata	third-party; not included	3	30	268	268	90	no	3e964ede71ac58f1952ca9643b404fb0724a7bb7252e1d5c1c50d6e2321aa55c	ffprobe + SHA-256 of BMD stimulus_set file 0907.mp4	verified
908	train	BOLD Moments Dataset video 0908	BMD stimulus set, video 0908	https://boldmomentsdataset.csail.mit.edu/stimuli_metadata	third-party; not included	3	30	268	268	90	no	d772a0b965ca8b195d296d879c6c43832d0715749ec5d4ebfb5b36b454ca73ec	ffprobe + SHA-256 of BMD stimulus_set file 0908.mp4	verified
909	train	BOLD Moments Dataset video 0909	BMD stimulus set, video 0909	https://boldmomentsdataset.csail.mit.edu/stimuli_metadata	third-party; not included	3	30	268	268	90	no	a4042e8b368842ef73db2671156f978a48b423ddeeb3aad1580fac0132364858	ffprobe + SHA-256 of BMD stimulus_set file 0909.mp4	verified
910	train	BOLD Moments Dataset video 0910	BMD stimulus set, video 0910	https://boldmomentsdataset.csail.mit.edu/stimuli_metadata	third-party; not included	3	30	268	268	90	no	dc28764d0790511a1c25fbdba66696bb40e0e7bab979c22e44c2c3618ec94429	ffprobe + SHA-256 of BMD stimulus_set file 0910.mp4	verified
911	train	BOLD Moments Dataset video 0911	BMD stimulus set, video 0911	https://boldmomentsdataset.csail.mit.edu/stimuli_metadata	third-party; not included	3	30	268	268	90	no	2e4b680f5b295777f3d5bcc8927eed370b5d915fb0eca24dec301f89bffa3592	ffprobe + SHA-256 of BMD stimulus_set file 0911.mp4	verified
912	train	BOLD Moments Dataset video 0912	BMD stimulus set, video 0912	https://boldmomentsdataset.csail.mit.edu/stimuli_metadata	third-party; not included	3	30	268	268	90	no	150968f4f2da5b7ddbdf3e6c0aaefdc52430a4142f861c75562198b90aa73f79	ffprobe + SHA-256 of BMD stimulus_set file 0912.mp4	verified
913	train	BOLD Moments Dataset video 0913	BMD stimulus set, video 0913	https://boldmomentsdataset.csail.mit.edu/stimuli_metadata	third-party; not included	3	30	268	268	90	no	ff093b5a801e8e6ca52ad592b2b82a033a5668c9877ee998fb86c20e26af5c07	ffprobe + SHA-256 of BMD stimulus_set file 0913.mp4	verified
914	train	BOLD Moments Dataset video 0914	BMD stimulus set, video 0914	https://boldmomentsdataset.csail.mit.edu/stimuli_metadata	third-party; not included	3.03	30	268	268	91	no	a0bad48701e755526daf5480ec949cb088bd6ce3db67aca2ef97feebe929de4b	ffprobe + SHA-256 of BMD stimulus_set file 0914.mp4	verified
915	train	BOLD Moments Dataset video 0915	BMD stimulus set, video 0915	https://boldmomentsdataset.csail.mit.edu/stimuli_metadata	third-party; not included	3	30	268	268	90	no	265f5a23c923cf831c2894629f44a0b0a8f8816e4b608b234eae8df8791a3240	ffprobe + SHA-256 of BMD stimulus_set file 0915.mp4	verified
916	train	BOLD Moments Dataset video 0916	BMD stimulus set, video 0916	https://boldmomentsdataset.csail.mit.edu/stimuli_metadata	third-party; not included	3.03	30	268	268	91	no	a72603284ed565f2d9dafa0ae270e30c1333174818423d0606328628822880c5	ffprobe + SHA-256 of BMD stimulus_set file 0916.mp4	verified
917	train	BOLD Moments Dataset video 0917	BMD stimulus set, video 0917	https://boldmomentsdataset.csail.mit.edu/stimuli_metadata	third-party; not included	3	30	268	268	90	no	e78d428283dd934863cc7b3c8137f340af6162eefd9007e80b1cf1418c9a8b0e	ffprobe + SHA-256 of BMD stimulus_set file 0917.mp4	verified
918	train	BOLD Moments Dataset video 0918	BMD stimulus set, video 0918	https://boldmomentsdataset.csail.mit.edu/stimuli_metadata	third-party; not included	3	30	268	268	90	no	09b76e9c6db9ad280c557f5ca88590dbf2f9fd1e18b680ab9bd8ec04781a20f2	ffprobe + SHA-256 of BMD stimulus_set file 0918.mp4	verified
919	train	BOLD Moments Dataset video 0919	BMD stimulus set, video 0919	https://boldmomentsdataset.csail.mit.edu/stimuli_metadata	third-party; not included	3	30	268	268	90	no	65b6036863030b6cfde61fe40fb7a9db5446c4a7ed49ca60f9ec960f0d48d0d5	ffprobe + SHA-256 of BMD stimulus_set file 0919.mp4	verified
920	train	BOLD Moments Dataset video 0920	BMD stimulus set, video 0920	https://boldmomentsdataset.csail.mit.edu/stimuli_metadata	third-party; not included	3	30	268	268	90	no	7b6f4828821bb30a217d23140aee28ac5a43620f42fd356f27ea346d4c09dfeb	ffprobe + SHA-256 of BMD stimulus_set file 0920.mp4	verified
921	train	BOLD Moments Dataset video 0921	BMD stimulus set, video 0921	https://boldmomentsdataset.csail.mit.edu/stimuli_metadata	third-party; not included	3	30	268	268	90	no	61e92b8662cae276caa5a146567834fdcdf8ebed207488e9da3fadbe26f68407	ffprobe + SHA-256 of BMD stimulus_set file 0921.mp4	verified
922	train	BOLD Moments Dataset video 0922	BMD stimulus set, video 0922	https://boldmomentsdataset.csail.mit.edu/stimuli_metadata	third-party; not included	3	30	268	268	90	no	e3a74564af41851c8462bebcf7628640a6762c279c61cd12ce6df3f9e37f7760	ffprobe + SHA-256 of BMD stimulus_set file 0922.mp4	verified
923	train	BOLD Moments Dataset video 0923	BMD stimulus set, video 0923	https://boldmomentsdataset.csail.mit.edu/stimuli_metadata	third-party; not included	3	30	268	268	90	no	5b920784aabdb207f78213a0e04ef229dd46004041bfe986119796e75a6fd7e7	ffprobe + SHA-256 of BMD stimulus_set file 0923.mp4	verified
924	train	BOLD Moments Dataset video 0924	BMD stimulus set, video 0924	https://boldmomentsdataset.csail.mit.edu/stimuli_metadata	third-party; not included	3	30	268	268	90	no	da7d5788acd186d6c7d5281c15f4904b8f19fcc8435ddfa9c475fb3cc96669b8	ffprobe + SHA-256 of BMD stimulus_set file 0924.mp4	verified
925	train	BOLD Moments Dataset video 0925	BMD stimulus set, video 0925	https://boldmomentsdataset.csail.mit.edu/stimuli_metadata	third-party; not included	3	30	268	268	90	no	076eb20068ca0e931650af614233f1ced64d48d896eb47354379fd298a407114	ffprobe + SHA-256 of BMD stimulus_set file 0925.mp4	verified
926	train	BOLD Moments Dataset video 0926	BMD stimulus set, video 0926	https://boldmomentsdataset.csail.mit.edu/stimuli_metadata	third-party; not included	3	30	268	268	90	no	5aa28fcbf305ee0d46b73f06298cbc51859366ed9df35b87971c477469d5c865	ffprobe + SHA-256 of BMD stimulus_set file 0926.mp4	verified
927	train	BOLD Moments Dataset video 0927	BMD stimulus set, video 0927	https://boldmomentsdataset.csail.mit.edu/stimuli_metadata	third-party; not included	3	25	268	268	75	no	74eb60b9628dbd950c9b401ff2c0c118973666642cf2fa0d69c3d68cc207f2af	ffprobe + SHA-256 of BMD stimulus_set file 0927.mp4	verified
928	train	BOLD Moments Dataset video 0928	BMD stimulus set, video 0928	https://boldmomentsdataset.csail.mit.edu/stimuli_metadata	third-party; not included	3	24	268	268	72	no	75d9a3a7519faf347cbf54deff147c54178573d091c65bdd8dbd1e974f28dfa3	ffprobe + SHA-256 of BMD stimulus_set file 0928.mp4	verified
929	train	BOLD Moments Dataset video 0929	BMD stimulus set, video 0929	https://boldmomentsdataset.csail.mit.edu/stimuli_metadata	third-party; not included	3	24	268	268	72	no	22e0d55328605e9cd24897925f9968eeeaba2b9983feaff4b68bf9b2e6472cc3	ffprobe + SHA-256 of BMD stimulus_set file 0929.mp4	verified
930	train	BOLD Moments Dataset video 0930	BMD stimulus set, video 0930	https://boldmomentsdataset.csail.mit.edu/stimuli_metadata	third-party; not included	3	30	268	268	90	no	e65f23a294f26809667f39aa38abdb06c83001a575b65a5221023900c0e5a45c	ffprobe + SHA-256 of BMD stimulus_set file 0930.mp4	verified
931	train	BOLD Moments Dataset video 0931	BMD stimulus set, video 0931	https://boldmomentsdataset.csail.mit.edu/stimuli_metadata	third-party; not included	3	30	268	268	90	no	7c57187238bb97f294689e772f99cfff7f8dfea9ccae0001256c9a2281d9ce6a	ffprobe + SHA-256 of BMD stimulus_set file 0931.mp4	verified
932	train	BOLD Moments Dataset video 0932	BMD stimulus set, video 0932	https://boldmomentsdataset.csail.mit.edu/stimuli_metadata	third-party; not included	3	25	268	268	75	no	d0849be4cc10af20f909441fae7f702d9624aed2c3150c8ae1b5318fefd30d74	ffprobe + SHA-256 of BMD stimulus_set file 0932.mp4	verified
933	train	BOLD Moments Dataset video 0933	BMD stimulus set, video 0933	https://boldmomentsdataset.csail.mit.edu/stimuli_metadata	third-party; not included	3	30	268	268	90	no	9f981cd7c9657331dfe12bfee38c16094e8f8a05778f84cb9ad1fc04bee69326	ffprobe + SHA-256 of BMD stimulus_set file 0933.mp4	verified
934	train	BOLD Moments Dataset video 0934	BMD stimulus set, video 0934	https://boldmomentsdataset.csail.mit.edu/stimuli_metadata	third-party; not included	3	25	268	268	75	no	1af00864f3c6fe964838f332826b13c673944b8518bbd1b22225c4ae9e8dcec7	ffprobe + SHA-256 of BMD stimulus_set file 0934.mp4	verified
935	train	BOLD Moments Dataset video 0935	BMD stimulus set, video 0935	https://boldmomentsdataset.csail.mit.edu/stimuli_metadata	third-party; not included	3	30	268	268	90	no	9af87fced1d03fc224efbfef6b397511e19f2d4ec6584b357ae9d1eb6f97c958	ffprobe + SHA-256 of BMD stimulus_set file 0935.mp4	verified
936	train	BOLD Moments Dataset video 0936	BMD stimulus set, video 0936	https://boldmomentsdataset.csail.mit.edu/stimuli_metadata	third-party; not included	3	24	268	268	72	no	28941d4adf374ad9ca6472143fbabac30cfd229530e177600fd4f5381c22d59d	ffprobe + SHA-256 of BMD stimulus_set file 0936.mp4	verified
937	train	BOLD Moments Dataset video 0937	BMD stimulus set, video 0937	https://boldmomentsdataset.csail.mit.edu/stimuli_metadata	third-party; not included	3	30	268	268	90	no	fea0722828e45c0287107ee51ad764908c563852c3f6d3edc0c5d7107fd95f35	ffprobe + SHA-256 of BMD stimulus_set file 0937.mp4	verified
938	train	BOLD Moments Dataset video 0938	BMD stimulus set, video 0938	https://boldmomentsdataset.csail.mit.edu/stimuli_metadata	third-party; not included	3	24	268	268	72	no	77b4fa879a8356b5a73bdd6c1e9e662e78f487427462861d4f37be7a7ed71312	ffprobe + SHA-256 of BMD stimulus_set file 0938.mp4	verified
939	train	BOLD Moments Dataset video 0939	BMD stimulus set, video 0939	https://boldmomentsdataset.csail.mit.edu/stimuli_metadata	third-party; not included	3	24	268	268	72	no	caaf06d5bb82868e95b10570d3e8c2a03b8111a8575c1e1cdb76160104497aae	ffprobe + SHA-256 of BMD stimulus_set file 0939.mp4	verified
940	train	BOLD Moments Dataset video 0940	BMD stimulus set, video 0940	https://boldmomentsdataset.csail.mit.edu/stimuli_metadata	third-party; not included	3.07	30	268	268	92	no	820f5ddd87457c95fd14b91601d29f08a80b870470fcb8dd0dd36c2509e4cbcd	ffprobe + SHA-256 of BMD stimulus_set file 0940.mp4	verified
941	train	BOLD Moments Dataset video 0941	BMD stimulus set, video 0941	https://boldmomentsdataset.csail.mit.edu/stimuli_metadata	third-party; not included	3	24	268	268	72	no	94668370532d6df7d462d56e7510365b215f1592285d296afc198745fe389418	ffprobe + SHA-256 of BMD stimulus_set file 0941.mp4	verified
942	train	BOLD Moments Dataset video 0942	BMD stimulus set, video 0942	https://boldmomentsdataset.csail.mit.edu/stimuli_metadata	third-party; not included	3	15	268	268	45	no	7556b15ad94fba8c572cb12d543cae4059a2f973d46f82cfdd604cfc2fc0b3e1	ffprobe + SHA-256 of BMD stimulus_set file 0942.mp4	verified
943	train	BOLD Moments Dataset video 0943	BMD stimulus set, video 0943	https://boldmomentsdataset.csail.mit.edu/stimuli_metadata	third-party; not included	3.03	30	268	268	91	no	ee4d32e6c9403855cb1be4da3a87f7f4f73b7d9034079d7055e9713dd1937ad0	ffprobe + SHA-256 of BMD stimulus_set file 0943.mp4	verified
944	train	BOLD Moments Dataset video 0944	BMD stimulus set, video 0944	https://boldmomentsdataset.csail.mit.edu/stimuli_metadata	third-party; not included	3	30	268	268	90	no	eba5f4c7ac4a7470e878953035913746238944662c51fec718a3cf9c7c1814fb	ffprobe + SHA-256 of BMD stimulus_set file 0944.mp4	verified
945	train	BOLD Moments Dataset video 0945	BMD stimulus set, video 0945	https://boldmomentsdataset.csail.mit.edu/stimuli_metadata	third-party; not included	3	30	268	268	90	no	f08865d0b92b07c91c1560347bf08659742026bffa9bfbfda0ed2b38b6990516	ffprobe + SHA-256 of BMD stimulus_set file 0945.mp4	verified
946	train	BOLD Moments Dataset video 0946	BMD stimulus set, video 0946	https://boldmomentsdataset.csail.mit.edu/stimuli_metadata	third-party; not included	3	25	268	268	75	no	999fb1fceb0886f35d0f90ad17d1c81cc05d69be54e21810134db723d7a7abcd	ffprobe + SHA-256 of BMD stimulus_set file 0946.mp4	verified
947	train	BOLD Moments Dataset video 0947	BMD stimulus set, video 0947	https://boldmomentsdataset.csail.mit.edu/stimuli_metadata	third-party; not included	3	25	268	268	75	no	d12a3a6a6966e838492a80a93454b8264d48fa342cf30b2c32db00a380be4781	ffprobe + SHA-256 of BMD stimulus_set file 0947.mp4	verified
948	train	BOLD Moments Dataset video 0948	BMD stimulus set, video 0948	https://boldmomentsdataset.csail.mit.edu/stimuli_metadata	third-party; not included	3	30	268	268	90	no	2388eb899fbb46b8970ebd473c358059edeb247c0accbcb0c5428f8e740cbe57	ffprobe + SHA-256 of BMD stimulus_set file 0948.mp4	verified
949	train	BOLD Moments Dataset video 0949	BMD stimulus set, video 0949	https://boldmomentsdataset.csail.mit.edu/stimuli_metadata	third-party; not included	3.03	30	268	268	91	no	762befd63b06bc662e116ee62cfc8a3d5541a03605d9a55738f9daa593c1cb3b	ffprobe + SHA-256 of BMD stimulus_set file 0949.mp4	verified
950	train	BOLD Moments Dataset video 0950	BMD stimulus set, video 0950	https://boldmomentsdataset.csail.mit.edu/stimuli_metadata	third-party; not included	3.03	30	268	268	91	no	f94a983ee5506b210fa125fdf4e3fdd4f3e493c416ab36fd6429f4f7c0a8857e	ffprobe + SHA-256 of BMD stimulus_set file 0950.mp4	verified
951	train	BOLD Moments Dataset video 0951	BMD stimulus set, video 0951	https://boldmomentsdataset.csail.mit.edu/stimuli_metadata	third-party; not included	3.03	30	268	268	91	no	c336355bbc7fbd03eb9a0e9861584a08a259b5cf0038ce65552e54bb09b87d71	ffprobe + SHA-256 of BMD stimulus_set file 0951.mp4	verified
952	train	BOLD Moments Dataset video 0952	BMD stimulus set, video 0952	https://boldmomentsdataset.csail.mit.edu/stimuli_metadata	third-party; not included	3.03	30	268	268	91	no	bedcac03ba4c97f5976de58f89a25269b98bf8853078e3075252aea2c2f4bd3b	ffprobe + SHA-256 of BMD stimulus_set file 0952.mp4	verified
953	train	BOLD Moments Dataset video 0953	BMD stimulus set, video 0953	https://boldmomentsdataset.csail.mit.edu/stimuli_metadata	third-party; not included	3	30	268	268	90	no	ceaea7c838e63474d6668719b9b0134a06266f68120a9b93940c5ecbb455f03f	ffprobe + SHA-256 of BMD stimulus_set file 0953.mp4	verified
954	train	BOLD Moments Dataset video 0954	BMD stimulus set, video 0954	https://boldmomentsdataset.csail.mit.edu/stimuli_metadata	third-party; not included	3	30	268	268	90	no	e7266a33d2191db7a4d10357dad56b09055f397b6697acb23b53de14fc8259eb	ffprobe + SHA-256 of BMD stimulus_set file 0954.mp4	verified
955	train	BOLD Moments Dataset video 0955	BMD stimulus set, video 0955	https://boldmomentsdataset.csail.mit.edu/stimuli_metadata	third-party; not included	3	30	268	268	90	no	b648f984b6889a385ed31340fabd4bca54021a08fb7db0314c50cf4e2aa1c77d	ffprobe + SHA-256 of BMD stimulus_set file 0955.mp4	verified
956	train	BOLD Moments Dataset video 0956	BMD stimulus set, video 0956	https://boldmomentsdataset.csail.mit.edu/stimuli_metadata	third-party; not included	3	30	268	268	90	no	70fb81650e6db038bcec55ae1d6f52093ca6637883959022d4ba0b35815e1617	ffprobe + SHA-256 of BMD stimulus_set file 0956.mp4	verified
957	train	BOLD Moments Dataset video 0957	BMD stimulus set, video 0957	https://boldmomentsdataset.csail.mit.edu/stimuli_metadata	third-party; not included	3	25	268	268	75	no	8e5c0fe24a6cb7c4326b55e928af01dfb05ed0bff045596f3a3923f415251e38	ffprobe + SHA-256 of BMD stimulus_set file 0957.mp4	verified
958	train	BOLD Moments Dataset video 0958	BMD stimulus set, video 0958	https://boldmomentsdataset.csail.mit.edu/stimuli_metadata	third-party; not included	3	24	268	268	72	no	1997ba5adf5b949e527252bab7e73358e3c75b14179b31f352a16f8b581f6211	ffprobe + SHA-256 of BMD stimulus_set file 0958.mp4	verified
959	train	BOLD Moments Dataset video 0959	BMD stimulus set, video 0959	https://boldmomentsdataset.csail.mit.edu/stimuli_metadata	third-party; not included	3	30	268	268	90	no	957f39ed204421ed4b0f434681f328132ad6a6c229c6d6d83d32ee3e0bff14af	ffprobe + SHA-256 of BMD stimulus_set file 0959.mp4	verified
960	train	BOLD Moments Dataset video 0960	BMD stimulus set, video 0960	https://boldmomentsdataset.csail.mit.edu/stimuli_metadata	third-party; not included	3	24	268	268	72	no	9798b327cb36371cebd0a955299a42c483689c07ad95924d06beedf56a0cc30c	ffprobe + SHA-256 of BMD stimulus_set file 0960.mp4	verified
961	train	BOLD Moments Dataset video 0961	BMD stimulus set, video 0961	https://boldmomentsdataset.csail.mit.edu/stimuli_metadata	third-party; not included	3	30	268	268	90	no	bc205fb5ab3971d9ca550cbc6c20f3d33489498577289b7cdb704dfa8b5b4ba8	ffprobe + SHA-256 of BMD stimulus_set file 0961.mp4	verified
962	train	BOLD Moments Dataset video 0962	BMD stimulus set, video 0962	https://boldmomentsdataset.csail.mit.edu/stimuli_metadata	third-party; not included	3	30	268	268	90	no	4bcd9d286ee47b3fa00e79ced844b41deb59f897327a56e783cb1a7fc099cca4	ffprobe + SHA-256 of BMD stimulus_set file 0962.mp4	verified
963	train	BOLD Moments Dataset video 0963	BMD stimulus set, video 0963	https://boldmomentsdataset.csail.mit.edu/stimuli_metadata	third-party; not included	3.03	30	268	268	91	no	cbc5ea958a7ebbf5911c790392676d6a4fc2ec0aec2b0ad4fed5037547c0c247	ffprobe + SHA-256 of BMD stimulus_set file 0963.mp4	verified
964	train	BOLD Moments Dataset video 0964	BMD stimulus set, video 0964	https://boldmomentsdataset.csail.mit.edu/stimuli_metadata	third-party; not included	3	30	268	268	90	no	d5b885a170a0c152eb0925ecf8e129737ead383869c224d8d035353bfc841871	ffprobe + SHA-256 of BMD stimulus_set file 0964.mp4	verified
965	train	BOLD Moments Dataset video 0965	BMD stimulus set, video 0965	https://boldmomentsdataset.csail.mit.edu/stimuli_metadata	third-party; not included	3	20	268	268	60	no	876828c2333a72456cb67570a4935422ca6765c174941edcddf1ab9c4cc7a575	ffprobe + SHA-256 of BMD stimulus_set file 0965.mp4	verified
966	train	BOLD Moments Dataset video 0966	BMD stimulus set, video 0966	https://boldmomentsdataset.csail.mit.edu/stimuli_metadata	third-party; not included	3	20	268	268	60	no	e4d040f40c955184d6c27b9b6bcc7dd23f7efb2322cdeb8ff13eb639f08e46cc	ffprobe + SHA-256 of BMD stimulus_set file 0966.mp4	verified
967	train	BOLD Moments Dataset video 0967	BMD stimulus set, video 0967	https://boldmomentsdataset.csail.mit.edu/stimuli_metadata	third-party; not included	3	30	268	268	90	no	99fe9fcfbb830437ffa88cd9076bfacea835dafec464dad53e8de6519f20f1c3	ffprobe + SHA-256 of BMD stimulus_set file 0967.mp4	verified
968	train	BOLD Moments Dataset video 0968	BMD stimulus set, video 0968	https://boldmomentsdataset.csail.mit.edu/stimuli_metadata	third-party; not included	3	30	268	268	90	no	a0a001462efb52f892b5abef3aa33639adcc318374ad39f7821ea0bd95dfc2c8	ffprobe + SHA-256 of BMD stimulus_set file 0968.mp4	verified
969	train	BOLD Moments Dataset video 0969	BMD stimulus set, video 0969	https://boldmomentsdataset.csail.mit.edu/stimuli_metadata	third-party; not included	3.04	24	268	268	73	no	e9551671134eb6c6b0d700cc0b7e5fd4da716980a44f6f3631dd1109373c0c1c	ffprobe + SHA-256 of BMD stimulus_set file 0969.mp4	verified
970	train	BOLD Moments Dataset video 0970	BMD stimulus set, video 0970	https://boldmomentsdataset.csail.mit.edu/stimuli_metadata	third-party; not included	3	30	268	268	90	no	946c0d9517d43a9554e4a383c22ae7e8c1194a585ced73fbf340ada142b3e4f2	ffprobe + SHA-256 of BMD stimulus_set file 0970.mp4	verified
971	train	BOLD Moments Dataset video 0971	BMD stimulus set, video 0971	https://boldmomentsdataset.csail.mit.edu/stimuli_metadata	third-party; not included	3	30	268	268	90	no	a0ed3648ce41d951a6a2383b43cdcfe2cac203ecc8a9ece34a8796bf89cfe102	ffprobe + SHA-256 of BMD stimulus_set file 0971.mp4	verified
972	train	BOLD Moments Dataset video 0972	BMD stimulus set, video 0972	https://boldmomentsdataset.csail.mit.edu/stimuli_metadata	third-party; not included	3	30	268	268	90	no	06032e6995b7f42b34f0da5484feb48f4f66d9a5885c72698a48b7961a023adb	ffprobe + SHA-256 of BMD stimulus_set file 0972.mp4	verified
973	train	BOLD Moments Dataset video 0973	BMD stimulus set, video 0973	https://boldmomentsdataset.csail.mit.edu/stimuli_metadata	third-party; not included	3	30	268	268	90	no	7feee6335185002c3564f44a77baec25241d9ee3d33f642fc4b4ad47ff6c9efa	ffprobe + SHA-256 of BMD stimulus_set file 0973.mp4	verified
974	train	BOLD Moments Dataset video 0974	BMD stimulus set, video 0974	https://boldmomentsdataset.csail.mit.edu/stimuli_metadata	third-party; not included	3.03	30	268	268	91	no	a7bd6895b56ee9bd3b422b0b5695ab1828f6c9a765da51b963be96098afbd7e5	ffprobe + SHA-256 of BMD stimulus_set file 0974.mp4	verified
975	train	BOLD Moments Dataset video 0975	BMD stimulus set, video 0975	https://boldmomentsdataset.csail.mit.edu/stimuli_metadata	third-party; not included	3	30	268	268	90	no	07a26638483f709fa40cefed2ab590135a5539b1f1c96fd468738bafe2fe78b2	ffprobe + SHA-256 of BMD stimulus_set file 0975.mp4	verified
976	train	BOLD Moments Dataset video 0976	BMD stimulus set, video 0976	https://boldmomentsdataset.csail.mit.edu/stimuli_metadata	third-party; not included	3	30	268	268	90	no	fae17ad7cd76aa0b533e77a341abd0927131cb8c3a1dc08635bcd931d7774aca	ffprobe + SHA-256 of BMD stimulus_set file 0976.mp4	verified
977	train	BOLD Moments Dataset video 0977	BMD stimulus set, video 0977	https://boldmomentsdataset.csail.mit.edu/stimuli_metadata	third-party; not included	3	25	268	268	75	no	0dba20e9f2bcf1582c99b58bd5284c8d1a6135931ae7614100aef8781fb05965	ffprobe + SHA-256 of BMD stimulus_set file 0977.mp4	verified
978	train	BOLD Moments Dataset video 0978	BMD stimulus set, video 0978	https://boldmomentsdataset.csail.mit.edu/stimuli_metadata	third-party; not included	3	30	268	268	90	no	6e0877d4c69bc6580ab350e1d9353c3d6d569c7f30c733b15967b2d95271e77b	ffprobe + SHA-256 of BMD stimulus_set file 0978.mp4	verified
979	train	BOLD Moments Dataset video 0979	BMD stimulus set, video 0979	https://boldmomentsdataset.csail.mit.edu/stimuli_metadata	third-party; not included	3	30	268	268	90	no	8e88c2d0b84151818a5e7b11267ad148d3c1460d553e1f2c732a15cce1e13da3	ffprobe + SHA-256 of BMD stimulus_set file 0979.mp4	verified
980	train	BOLD Moments Dataset video 0980	BMD stimulus set, video 0980	https://boldmomentsdataset.csail.mit.edu/stimuli_metadata	third-party; not included	3	30	268	268	90	no	3d05667ad7eda1a36f77f5c915dcfc469d327679aa94551d56cb25a43f13165a	ffprobe + SHA-256 of BMD stimulus_set file 0980.mp4	verified
981	train	BOLD Moments Dataset video 0981	BMD stimulus set, video 0981	https://boldmomentsdataset.csail.mit.edu/stimuli_metadata	third-party; not included	3	30	268	268	90	no	fc893a07685bd6e6d83b37ef8f2bc7c243d061956f0ede4c152633cf22df75d9	ffprobe + SHA-256 of BMD stimulus_set file 0981.mp4	verified
982	train	BOLD Moments Dataset video 0982	BMD stimulus set, video 0982	https://boldmomentsdataset.csail.mit.edu/stimuli_metadata	third-party; not included	3.04	25	268	268	76	no	9da73f7e682582f27f3d42ddf33f3444008a03025a73f4b6af4f1774cd2ca863	ffprobe + SHA-256 of BMD stimulus_set file 0982.mp4	verified
983	train	BOLD Moments Dataset video 0983	BMD stimulus set, video 0983	https://boldmomentsdataset.csail.mit.edu/stimuli_metadata	third-party; not included	3.04	25	268	268	76	no	0e2e5b3c94e9fa5b4616cf1c758594d1ab5208ff781ed0e7b99464aad44e1921	ffprobe + SHA-256 of BMD stimulus_set file 0983.mp4	verified
984	train	BOLD Moments Dataset video 0984	BMD stimulus set, video 0984	https://boldmomentsdataset.csail.mit.edu/stimuli_metadata	third-party; not included	3.04	25	268	268	76	no	f0d8a4b15c242e64ad1e61521f217e4b8af60aca5804a005359123f0ef95652c	ffprobe + SHA-256 of BMD stimulus_set file 0984.mp4	verified
985	train	BOLD Moments Dataset video 0985	BMD stimulus set, video 0985	https://boldmomentsdataset.csail.mit.edu/stimuli_metadata	third-party; not included	3.04	25	268	268	76	no	368e68e17d272476c14e8e29c86c7c61a2fb1726fc8d0bff11e1e52aff3ce48e	ffprobe + SHA-256 of BMD stimulus_set file 0985.mp4	verified
986	train	BOLD Moments Dataset video 0986	BMD stimulus set, video 0986	https://boldmomentsdataset.csail.mit.edu/stimuli_metadata	third-party; not included	3	25	268	268	75	no	eda7108b561181141b29343d769352852687f2f199984fe4d293e7ef67f5b2c7	ffprobe + SHA-256 of BMD stimulus_set file 0986.mp4	verified
987	train	BOLD Moments Dataset video 0987	BMD stimulus set, video 0987	https://boldmomentsdataset.csail.mit.edu/stimuli_metadata	third-party; not included	3.03	30	268	268	91	no	d8928cd8bcbc7ba7166c1aa467a553a449e3b0968df3e4206bc292885e0599e8	ffprobe + SHA-256 of BMD stimulus_set file 0987.mp4	verified
988	train	BOLD Moments Dataset video 0988	BMD stimulus set, video 0988	https://boldmomentsdataset.csail.mit.edu/stimuli_metadata	third-party; not included	3.03	30	268	268	91	no	27df538f28f6f3ed62110e2d6e2bfb8c22b47be506032f7d0d90626861e1ebdf	ffprobe + SHA-256 of BMD stimulus_set file 0988.mp4	verified
989	train	BOLD Moments Dataset video 0989	BMD stimulus set, video 0989	https://boldmomentsdataset.csail.mit.edu/stimuli_metadata	third-party; not included	3	15	268	268	45	no	91344df1ea675cca6affcb328d964eab8ffd972d3a38065fbba316467dfbd580	ffprobe + SHA-256 of BMD stimulus_set file 0989.mp4	verified
990	train	BOLD Moments Dataset video 0990	BMD stimulus set, video 0990	https://boldmomentsdataset.csail.mit.edu/stimuli_metadata	third-party; not included	3.03	30	268	268	91	no	f27558041bd2e63ce4eb98c03103452ce90cbdf8fbc233fb8fe3d05a5b831abf	ffprobe + SHA-256 of BMD stimulus_set file 0990.mp4	verified
991	train	BOLD Moments Dataset video 0991	BMD stimulus set, video 0991	https://boldmomentsdataset.csail.mit.edu/stimuli_metadata	third-party; not included	3	25	268	268	75	no	c4fcfe99aa8391fc89aa77deb6353600298c42d2a09346562b73d68680004ee0	ffprobe + SHA-256 of BMD stimulus_set file 0991.mp4	verified
992	train	BOLD Moments Dataset video 0992	BMD stimulus set, video 0992	https://boldmomentsdataset.csail.mit.edu/stimuli_metadata	third-party; not included	3	25	268	268	75	no	28cdb73a830ed4b272c802f8a51e059482445c307fb65a66041a75180842062a	ffprobe + SHA-256 of BMD stimulus_set file 0992.mp4	verified
993	train	BOLD Moments Dataset video 0993	BMD stimulus set, video 0993	https://boldmomentsdataset.csail.mit.edu/stimuli_metadata	third-party; not included	3	30	268	268	90	no	25d137c1956dc7c28adfe7cade3f254056bcff5615512439e5d09b5813db7bb2	ffprobe + SHA-256 of BMD stimulus_set file 0993.mp4	verified
994	train	BOLD Moments Dataset video 0994	BMD stimulus set, video 0994	https://boldmomentsdataset.csail.mit.edu/stimuli_metadata	third-party; not included	3	30	268	268	90	no	5a72af1903471af5ddf16140b1b7131fe272c78f05c70e9961ecd2e56d68347b	ffprobe + SHA-256 of BMD stimulus_set file 0994.mp4	verified
995	train	BOLD Moments Dataset video 0995	BMD stimulus set, video 0995	https://boldmomentsdataset.csail.mit.edu/stimuli_metadata	third-party; not included	3	30	268	268	90	no	ecd1a484c917722cb3b37e934b669903d3e9a1315c86f4b7fa58707038957929	ffprobe + SHA-256 of BMD stimulus_set file 0995.mp4	verified
996	train	BOLD Moments Dataset video 0996	BMD stimulus set, video 0996	https://boldmomentsdataset.csail.mit.edu/stimuli_metadata	third-party; not included	3	25	268	268	75	no	0744f919f32cf44cddcbe33e06cf09330bff2137c15037c36de5a1a36c6136c9	ffprobe + SHA-256 of BMD stimulus_set file 0996.mp4	verified
997	train	BOLD Moments Dataset video 0997	BMD stimulus set, video 0997	https://boldmomentsdataset.csail.mit.edu/stimuli_metadata	third-party; not included	3	30	268	268	90	no	10a8e979b81284b4d91ced14ba68b25aedacc574272674dba73a452d835bf988	ffprobe + SHA-256 of BMD stimulus_set file 0997.mp4	verified
998	train	BOLD Moments Dataset video 0998	BMD stimulus set, video 0998	https://boldmomentsdataset.csail.mit.edu/stimuli_metadata	third-party; not included	3	24	268	268	72	no	6c4980a656dacc1cfe0422786386fd07491e9cad4866d6c7b4df1407011b631e	ffprobe + SHA-256 of BMD stimulus_set file 0998.mp4	verified
999	train	BOLD Moments Dataset video 0999	BMD stimulus set, video 0999	https://boldmomentsdataset.csail.mit.edu/stimuli_metadata	third-party; not included	3.03	30	268	268	91	no	de24e67a7b1687aa3817f93e49e24bb16d36356ba452dcbec646ede5267b5054	ffprobe + SHA-256 of BMD stimulus_set file 0999.mp4	verified
1000	train	BOLD Moments Dataset video 1000	BMD stimulus set, video 1000	https://boldmomentsdataset.csail.mit.edu/stimuli_metadata	third-party; not included	3.04	25	268	268	76	no	750809c657a6d313d2fabc7388480499ac1d9ad54810997cfde26d662107cb4f	ffprobe + SHA-256 of BMD stimulus_set file 1000.mp4	verified
1001	test	BOLD Moments Dataset video 1001	BMD stimulus set, video 1001	https://boldmomentsdataset.csail.mit.edu/stimuli_metadata	third-party; not included	3	30	268	268	90	no	3bda16d55c83a169c66d9f4868c4383c27919ed8a5cce077eff71c08c296e787	ffprobe + SHA-256 of BMD stimulus_set file 1001.mp4	verified
1002	test	BOLD Moments Dataset video 1002	BMD stimulus set, video 1002	https://boldmomentsdataset.csail.mit.edu/stimuli_metadata	third-party; not included	3.03	30	268	268	91	no	d7ac7486db2713eeeb24198495f2295fe8120af0d7c9e9cd0aca6d8b6232ef86	ffprobe + SHA-256 of BMD stimulus_set file 1002.mp4	verified
1003	test	BOLD Moments Dataset video 1003	BMD stimulus set, video 1003	https://boldmomentsdataset.csail.mit.edu/stimuli_metadata	third-party; not included	3	30	268	268	90	no	ca988c9c88d08c1b87d22310c40bd18d950fc4c36a2e1de11355cbc81829ba13	ffprobe + SHA-256 of BMD stimulus_set file 1003.mp4	verified
1004	test	BOLD Moments Dataset video 1004	BMD stimulus set, video 1004	https://boldmomentsdataset.csail.mit.edu/stimuli_metadata	third-party; not included	3	30	268	268	90	no	e65ee2453ab70a995d87841060713bbb2d4a0935069b7c263d4b7a2fe847a97c	ffprobe + SHA-256 of BMD stimulus_set file 1004.mp4	verified
1005	test	BOLD Moments Dataset video 1005	BMD stimulus set, video 1005	https://boldmomentsdataset.csail.mit.edu/stimuli_metadata	third-party; not included	3	30	268	268	90	no	c5e83de5429da3360e8a8b881d9bd5a7644cc8d9c86f53ee3c962e714940653b	ffprobe + SHA-256 of BMD stimulus_set file 1005.mp4	verified
1006	test	BOLD Moments Dataset video 1006	BMD stimulus set, video 1006	https://boldmomentsdataset.csail.mit.edu/stimuli_metadata	third-party; not included	3	25	268	268	75	no	7bd30a8ab4275a7e97fdaed4a20f7603953638798c03439027ad68cec0eee3b2	ffprobe + SHA-256 of BMD stimulus_set file 1006.mp4	verified
1007	test	BOLD Moments Dataset video 1007	BMD stimulus set, video 1007	https://boldmomentsdataset.csail.mit.edu/stimuli_metadata	third-party; not included	3	30	268	268	90	no	f04e91cb372a7e521aa1c911f493c19e10f64541e31487d8ac1a169218a730cc	ffprobe + SHA-256 of BMD stimulus_set file 1007.mp4	verified
1008	test	BOLD Moments Dataset video 1008	BMD stimulus set, video 1008	https://boldmomentsdataset.csail.mit.edu/stimuli_metadata	third-party; not included	3	25	268	268	75	no	f597adccd20724c9b5df70d22f6c292bc70b0d1409decf18dc3fccf9ea3c099f	ffprobe + SHA-256 of BMD stimulus_set file 1008.mp4	verified
1009	test	BOLD Moments Dataset video 1009	BMD stimulus set, video 1009	https://boldmomentsdataset.csail.mit.edu/stimuli_metadata	third-party; not included	3	24	268	268	72	no	c93f3acbe9b93ad4a676a9252cc665e5dbb01f96cf622a1da73084ebe6ff1b7d	ffprobe + SHA-256 of BMD stimulus_set file 1009.mp4	verified
1010	test	BOLD Moments Dataset video 1010	BMD stimulus set, video 1010	https://boldmomentsdataset.csail.mit.edu/stimuli_metadata	third-party; not included	3	30	268	268	90	no	1ed92ed094f1438b949c7f7c6645963690a7c822ee95684a588f574a796b83b0	ffprobe + SHA-256 of BMD stimulus_set file 1010.mp4	verified
1011	test	BOLD Moments Dataset video 1011	BMD stimulus set, video 1011	https://boldmomentsdataset.csail.mit.edu/stimuli_metadata	third-party; not included	3	30	268	268	90	no	a6ec76c9604f1fbb289c380362ebcb802b9e11f42f800c3055c6408ac3dfc7cc	ffprobe + SHA-256 of BMD stimulus_set file 1011.mp4	verified
1012	test	BOLD Moments Dataset video 1012	BMD stimulus set, video 1012	https://boldmomentsdataset.csail.mit.edu/stimuli_metadata	third-party; not included	3	24	268	268	72	no	199c929d15feec2e0ce5388fb6513274dad65ed2048692c784cb675f02b15705	ffprobe + SHA-256 of BMD stimulus_set file 1012.mp4	verified
1013	test	BOLD Moments Dataset video 1013	BMD stimulus set, video 1013	https://boldmomentsdataset.csail.mit.edu/stimuli_metadata	third-party; not included	3	30	268	268	90	no	e5da11b4488f99f90a3bce81dc6be13fd6a9fdf5753d405ad2ce1b6fd7b0fcd1	ffprobe + SHA-256 of BMD stimulus_set file 1013.mp4	verified
1014	test	BOLD Moments Dataset video 1014	BMD stimulus set, video 1014	https://boldmomentsdataset.csail.mit.edu/stimuli_metadata	third-party; not included	3	30	268	268	90	no	ab1f454a3da0ec4982873e89e14c542da888b0a5030f758c97cd14eddaad097d	ffprobe + SHA-256 of BMD stimulus_set file 1014.mp4	verified
1015	test	BOLD Moments Dataset video 1015	BMD stimulus set, video 1015	https://boldmomentsdataset.csail.mit.edu/stimuli_metadata	third-party; not included	3.03	30	268	268	91	no	dd70ee7d9cc37139314cda3a831b345e6898ea63c1731dc1320a08b143367933	ffprobe + SHA-256 of BMD stimulus_set file 1015.mp4	verified
1016	test	BOLD Moments Dataset video 1016	BMD stimulus set, video 1016	https://boldmomentsdataset.csail.mit.edu/stimuli_metadata	third-party; not included	3.03	30	268	268	91	no	00c083c30ff0b2e628c8b1be74eb269e4f1f8342905b76e3e2cb6767860dcfd5	ffprobe + SHA-256 of BMD stimulus_set file 1016.mp4	verified
1017	test	BOLD Moments Dataset video 1017	BMD stimulus set, video 1017	https://boldmomentsdataset.csail.mit.edu/stimuli_metadata	third-party; not included	3	30	268	268	90	no	b663015fb36e7b1e2aea0cecca7f96d497675f7b23be0ee0931e542744f4c86a	ffprobe + SHA-256 of BMD stimulus_set file 1017.mp4	verified
1018	test	BOLD Moments Dataset video 1018	BMD stimulus set, video 1018	https://boldmomentsdataset.csail.mit.edu/stimuli_metadata	third-party; not included	3	25	268	268	75	no	26759e6d137928184c9c04e2d0c1a18e0ce97aecb40867fea32c6963ce27cfa5	ffprobe + SHA-256 of BMD stimulus_set file 1018.mp4	verified
1019	test	BOLD Moments Dataset video 1019	BMD stimulus set, video 1019	https://boldmomentsdataset.csail.mit.edu/stimuli_metadata	third-party; not included	3.03	30	268	268	91	no	9f73a00274d87899a99e3b19f7988432668853d6a03a5be4303ae7257ef9cf7c	ffprobe + SHA-256 of BMD stimulus_set file 1019.mp4	verified
1020	test	BOLD Moments Dataset video 1020	BMD stimulus set, video 1020	https://boldmomentsdataset.csail.mit.edu/stimuli_metadata	third-party; not included	3	30	268	268	90	no	60b641beafef7f7b7e49795f0bc5bfbbb6f9c8a2ff4fd18be224ac153c4842f2	ffprobe + SHA-256 of BMD stimulus_set file 1020.mp4	verified
1021	test	BOLD Moments Dataset video 1021	BMD stimulus set, video 1021	https://boldmomentsdataset.csail.mit.edu/stimuli_metadata	third-party; not included	3	30	268	268	90	no	62d6f57f9f260e1755f1cd7d9f7341fd0763ec11730fe84985b19bfa045db1da	ffprobe + SHA-256 of BMD stimulus_set file 1021.mp4	verified
1022	test	BOLD Moments Dataset video 1022	BMD stimulus set, video 1022	https://boldmomentsdataset.csail.mit.edu/stimuli_metadata	third-party; not included	3	30	268	268	90	no	bece0de4d4c090b92f6c7a7d927f40b46382141e6af7f7974998346630758dcd	ffprobe + SHA-256 of BMD stimulus_set file 1022.mp4	verified
1023	test	BOLD Moments Dataset video 1023	BMD stimulus set, video 1023	https://boldmomentsdataset.csail.mit.edu/stimuli_metadata	third-party; not included	3	30	268	268	90	no	621ca464d7c532905e1b96c6c1e695356452573af0562ae513b808230e3ef101	ffprobe + SHA-256 of BMD stimulus_set file 1023.mp4	verified
1024	test	BOLD Moments Dataset video 1024	BMD stimulus set, video 1024	https://boldmomentsdataset.csail.mit.edu/stimuli_metadata	third-party; not included	3	24	268	268	72	no	2a2bc963c9e93d86cacad0fd6a16dfcc19765045932c761704af53f31f63a5e8	ffprobe + SHA-256 of BMD stimulus_set file 1024.mp4	verified
1025	test	BOLD Moments Dataset video 1025	BMD stimulus set, video 1025	https://boldmomentsdataset.csail.mit.edu/stimuli_metadata	third-party; not included	3	30	268	268	90	no	f84a372dc11f8c547ee54d83b896afff7238d522afddec54841a6305dd4d5652	ffprobe + SHA-256 of BMD stimulus_set file 1025.mp4	verified
1026	test	BOLD Moments Dataset video 1026	BMD stimulus set, video 1026	https://boldmomentsdataset.csail.mit.edu/stimuli_metadata	third-party; not included	3	30	268	268	90	no	f21fb3e5192c0c130b60b5043ac2bc2297d54f7006708058a4ba3b6768ec77a2	ffprobe + SHA-256 of BMD stimulus_set file 1026.mp4	verified
1027	test	BOLD Moments Dataset video 1027	BMD stimulus set, video 1027	https://boldmomentsdataset.csail.mit.edu/stimuli_metadata	third-party; not included	3	30	268	268	90	no	41339d9ac8504e5409c9d81fdc3a25e41febe732692e44ae8d074feff9841918	ffprobe + SHA-256 of BMD stimulus_set file 1027.mp4	verified
1028	test	BOLD Moments Dataset video 1028	BMD stimulus set, video 1028	https://boldmomentsdataset.csail.mit.edu/stimuli_metadata	third-party; not included	3	30	268	268	90	no	68aa29b5bf6f830f2b6edc497a774e7df2eb82623c579b85de457bd80820f872	ffprobe + SHA-256 of BMD stimulus_set file 1028.mp4	verified
1029	test	BOLD Moments Dataset video 1029	BMD stimulus set, video 1029	https://boldmomentsdataset.csail.mit.edu/stimuli_metadata	third-party; not included	3	25	268	268	75	no	b1f0c06ea1a3cefa1596fb9882d258761e49551395fc5389db4830130e17b266	ffprobe + SHA-256 of BMD stimulus_set file 1029.mp4	verified
1030	test	BOLD Moments Dataset video 1030	BMD stimulus set, video 1030	https://boldmomentsdataset.csail.mit.edu/stimuli_metadata	third-party; not included	3.04	25	268	268	76	no	fb6decc0fb4500a3a86ba7e6acab6b7be858c5ea2b4038f9f8b25b5c7a572408	ffprobe + SHA-256 of BMD stimulus_set file 1030.mp4	verified
1031	test	BOLD Moments Dataset video 1031	BMD stimulus set, video 1031	https://boldmomentsdataset.csail.mit.edu/stimuli_metadata	third-party; not included	3	30	268	268	90	no	60968f42915b4962527c8aa57dc349600c46274939b63a8b2a2d01ecd6ce0d13	ffprobe + SHA-256 of BMD stimulus_set file 1031.mp4	verified
1032	test	BOLD Moments Dataset video 1032	BMD stimulus set, video 1032	https://boldmomentsdataset.csail.mit.edu/stimuli_metadata	third-party; not included	3.07	29	268	268	89	no	7fc47805498eff3c095f359c99a54318e43c91d47bc238f59d2ec436443a666f	ffprobe + SHA-256 of BMD stimulus_set file 1032.mp4	verified
1033	test	BOLD Moments Dataset video 1033	BMD stimulus set, video 1033	https://boldmomentsdataset.csail.mit.edu/stimuli_metadata	third-party; not included	3	30	268	268	90	no	e7162c03e02fa9f09de13bf1dc71fadd03b8a351b52cf07124d1c9a54e3c31d4	ffprobe + SHA-256 of BMD stimulus_set file 1033.mp4	verified
1034	test	BOLD Moments Dataset video 1034	BMD stimulus set, video 1034	https://boldmomentsdataset.csail.mit.edu/stimuli_metadata	third-party; not included	3	30	268	268	90	no	86c710bd9861d64a8552b65d9ccac9c9b77dc005471c5dd9c217ade3fcc631a5	ffprobe + SHA-256 of BMD stimulus_set file 1034.mp4	verified
1035	test	BOLD Moments Dataset video 1035	BMD stimulus set, video 1035	https://boldmomentsdataset.csail.mit.edu/stimuli_metadata	third-party; not included	3	30	268	268	90	no	9eef21c2ed8a3e6915b0622f442a4739726bbaf85858648c7a2c0a643079747b	ffprobe + SHA-256 of BMD stimulus_set file 1035.mp4	verified
1036	test	BOLD Moments Dataset video 1036	BMD stimulus set, video 1036	https://boldmomentsdataset.csail.mit.edu/stimuli_metadata	third-party; not included	3.03	30	268	268	91	no	75a8be0af169259ba3831b64cd4d6bfad13514390e29096f83d04438792d4596	ffprobe + SHA-256 of BMD stimulus_set file 1036.mp4	verified
1037	test	BOLD Moments Dataset video 1037	BMD stimulus set, video 1037	https://boldmomentsdataset.csail.mit.edu/stimuli_metadata	third-party; not included	3	30	268	268	90	no	5514057a971f2c312773763a08c038ba53b1ad138ee6aad8a7d31e1274c56c73	ffprobe + SHA-256 of BMD stimulus_set file 1037.mp4	verified
1038	test	BOLD Moments Dataset video 1038	BMD stimulus set, video 1038	https://boldmomentsdataset.csail.mit.edu/stimuli_metadata	third-party; not included	3	30	268	268	90	no	09d6b14b402b6dd1eeec251fbcef4d6d2eb5afdf57b50409fdeff44c1362f1da	ffprobe + SHA-256 of BMD stimulus_set file 1038.mp4	verified
1039	test	BOLD Moments Dataset video 1039	BMD stimulus set, video 1039	https://boldmomentsdataset.csail.mit.edu/stimuli_metadata	third-party; not included	3.04	24	268	268	73	no	eea3a5b5fa2de73cdfde44620d30246d787cbaf7f8e7b98a3600e5bdec4c58b5	ffprobe + SHA-256 of BMD stimulus_set file 1039.mp4	verified
1040	test	BOLD Moments Dataset video 1040	BMD stimulus set, video 1040	https://boldmomentsdataset.csail.mit.edu/stimuli_metadata	third-party; not included	3.03	30	268	268	91	no	d7524121e6b61e1c2cee535fcf398a553cf731b3ebd7ef52cd09ed5fe8c15e9c	ffprobe + SHA-256 of BMD stimulus_set file 1040.mp4	verified
1041	test	BOLD Moments Dataset video 1041	BMD stimulus set, video 1041	https://boldmomentsdataset.csail.mit.edu/stimuli_metadata	third-party; not included	3.03	30	268	268	91	no	bd21a3cb57c3d68329eaf7700b1d4aaddd5de06202249d3adb088471262cd70f	ffprobe + SHA-256 of BMD stimulus_set file 1041.mp4	verified
1042	test	BOLD Moments Dataset video 1042	BMD stimulus set, video 1042	https://boldmomentsdataset.csail.mit.edu/stimuli_metadata	third-party; not included	3.03	30	268	268	91	no	3b76b0380a44a93a41d6396ccb31cc8e707d3d90fe70c4be020675aa5c97660a	ffprobe + SHA-256 of BMD stimulus_set file 1042.mp4	verified
1043	test	BOLD Moments Dataset video 1043	BMD stimulus set, video 1043	https://boldmomentsdataset.csail.mit.edu/stimuli_metadata	third-party; not included	3	24	268	268	72	no	e269644e05792730ff7f441b68f200c309ceed6e906fe064250acf6e82d07f12	ffprobe + SHA-256 of BMD stimulus_set file 1043.mp4	verified
1044	test	BOLD Moments Dataset video 1044	BMD stimulus set, video 1044	https://boldmomentsdataset.csail.mit.edu/stimuli_metadata	third-party; not included	3.07	30	268	268	92	no	d23c7f771024be2695f9c9f48b9438ba229d9f59db874a34e786d474eb8aa4bc	ffprobe + SHA-256 of BMD stimulus_set file 1044.mp4	verified
1045	test	BOLD Moments Dataset video 1045	BMD stimulus set, video 1045	https://boldmomentsdataset.csail.mit.edu/stimuli_metadata	third-party; not included	3	30	268	268	90	no	55ce6ae88b84e2fae077825be24e0d69f4ad96a3e16d64d00dbc9537805002dd	ffprobe + SHA-256 of BMD stimulus_set file 1045.mp4	verified
1046	test	BOLD Moments Dataset video 1046	BMD stimulus set, video 1046	https://boldmomentsdataset.csail.mit.edu/stimuli_metadata	third-party; not included	3	30	268	268	90	no	c978c657096cc639ff29a1448f7e84e7f49b7b9501b4312611ba5b4d14e46c04	ffprobe + SHA-256 of BMD stimulus_set file 1046.mp4	verified
1047	test	BOLD Moments Dataset video 1047	BMD stimulus set, video 1047	https://boldmomentsdataset.csail.mit.edu/stimuli_metadata	third-party; not included	3	30	268	268	90	no	09ab7d2bb17f0281b506dd4b54306f08ba8718a1d0f6bd61f951f13c6c8d08f4	ffprobe + SHA-256 of BMD stimulus_set file 1047.mp4	verified
1048	test	BOLD Moments Dataset video 1048	BMD stimulus set, video 1048	https://boldmomentsdataset.csail.mit.edu/stimuli_metadata	third-party; not included	3	30	268	268	90	no	bbb7a85e774cf96b9edb07449ec1ac7923f0ca9009b490cc0f5f7eb4b9bd62b9	ffprobe + SHA-256 of BMD stimulus_set file 1048.mp4	verified
1049	test	BOLD Moments Dataset video 1049	BMD stimulus set, video 1049	https://boldmomentsdataset.csail.mit.edu/stimuli_metadata	third-party; not included	3	30	268	268	90	no	3a497efef26249f13287dcdc4fdf6f3adabf3b6f9dfbf68d053acf0eabbec05b	ffprobe + SHA-256 of BMD stimulus_set file 1049.mp4	verified
1050	test	BOLD Moments Dataset video 1050	BMD stimulus set, video 1050	https://boldmomentsdataset.csail.mit.edu/stimuli_metadata	third-party; not included	3	30	268	268	90	no	73c6638fcdcbc9f446bae9ab62dda56a8e244a20f6d2e5a16cb3e6a740201e4b	ffprobe + SHA-256 of BMD stimulus_set file 1050.mp4	verified
1051	test	BOLD Moments Dataset video 1051	BMD stimulus set, video 1051	https://boldmomentsdataset.csail.mit.edu/stimuli_metadata	third-party; not included	3	30	268	268	90	no	fed704132531ba4bb254d30e5822a46f9fa36250b17da1402d45515c1c0b1675	ffprobe + SHA-256 of BMD stimulus_set file 1051.mp4	verified
1052	test	BOLD Moments Dataset video 1052	BMD stimulus set, video 1052	https://boldmomentsdataset.csail.mit.edu/stimuli_metadata	third-party; not included	3	30	268	268	90	no	6a3c453a9eea4dfd3b5ce4d2ac34eb54ebf9e64ea2cabf0d9cf4bec326019656	ffprobe + SHA-256 of BMD stimulus_set file 1052.mp4	verified
1053	test	BOLD Moments Dataset video 1053	BMD stimulus set, video 1053	https://boldmomentsdataset.csail.mit.edu/stimuli_metadata	third-party; not included	3	24	268	268	72	no	2b1824c7152ada95a1ae4dbaa960f82b725002b95199e8c9536c236cefc7b7a3	ffprobe + SHA-256 of BMD stimulus_set file 1053.mp4	verified
1054	test	BOLD Moments Dataset video 1054	BMD stimulus set, video 1054	https://boldmomentsdataset.csail.mit.edu/stimuli_metadata	third-party; not included	3	30	268	268	90	no	c4383f7542b01337c910503a0b6f2c79c4db54f9f18fc446523fb6270cbca868	ffprobe + SHA-256 of BMD stimulus_set file 1054.mp4	verified
1055	test	BOLD Moments Dataset video 1055	BMD stimulus set, video 1055	https://boldmomentsdataset.csail.mit.edu/stimuli_metadata	third-party; not included	3	30	268	268	90	no	37f073f653a6868ec567c3bee5787b7f75e4bc7d24acb60af1a7e8e46973f550	ffprobe + SHA-256 of BMD stimulus_set file 1055.mp4	verified
1056	test	BOLD Moments Dataset video 1056	BMD stimulus set, video 1056	https://boldmomentsdataset.csail.mit.edu/stimuli_metadata	third-party; not included	3	25	268	268	75	no	bd1669467f99203e14be26fd2afa1c69ba4e4deb6dfd9758a139a8f721d4c067	ffprobe + SHA-256 of BMD stimulus_set file 1056.mp4	verified
1057	test	BOLD Moments Dataset video 1057	BMD stimulus set, video 1057	https://boldmomentsdataset.csail.mit.edu/stimuli_metadata	third-party; not included	3	15	268	268	45	no	0091f082e71d79c79a7017f8f5deaca664b01cc4a08f5855f3bc5acca3451765	ffprobe + SHA-256 of BMD stimulus_set file 1057.mp4	verified
1058	test	BOLD Moments Dataset video 1058	BMD stimulus set, video 1058	https://boldmomentsdataset.csail.mit.edu/stimuli_metadata	third-party; not included	3	30	268	268	90	no	e596d5053fdb1215c46382e67f81087771fcbc5dc7e4231177a9bf4be1969cbb	ffprobe + SHA-256 of BMD stimulus_set file 1058.mp4	verified
1059	test	BOLD Moments Dataset video 1059	BMD stimulus set, video 1059	https://boldmomentsdataset.csail.mit.edu/stimuli_metadata	third-party; not included	3	30	268	268	90	no	90c06799a7953eb523fd15f1c62812261ea5be7bfecfb0ce6c6cd054a8108fc8	ffprobe + SHA-256 of BMD stimulus_set file 1059.mp4	verified
1060	test	BOLD Moments Dataset video 1060	BMD stimulus set, video 1060	https://boldmomentsdataset.csail.mit.edu/stimuli_metadata	third-party; not included	3	30	268	268	90	no	f437b12fd4d40b6be4fac272a850db5d868433ecd6d7b96542ecd4ab80ffcc00	ffprobe + SHA-256 of BMD stimulus_set file 1060.mp4	verified
1061	test	BOLD Moments Dataset video 1061	BMD stimulus set, video 1061	https://boldmomentsdataset.csail.mit.edu/stimuli_metadata	third-party; not included	3.04	24	268	268	73	no	ce1f3697707d558cfc0fb014ada1bd07293502ad93d57074824dea7aefaa60eb	ffprobe + SHA-256 of BMD stimulus_set file 1061.mp4	verified
1062	test	BOLD Moments Dataset video 1062	BMD stimulus set, video 1062	https://boldmomentsdataset.csail.mit.edu/stimuli_metadata	third-party; not included	3.04	25	268	268	76	no	b708d45205416450625a6142b83dd789985f0a322e7a3844b96c91d4eb50172c	ffprobe + SHA-256 of BMD stimulus_set file 1062.mp4	verified
1063	test	BOLD Moments Dataset video 1063	BMD stimulus set, video 1063	https://boldmomentsdataset.csail.mit.edu/stimuli_metadata	third-party; not included	3	30	268	268	90	no	099447b27e5c303c0b63b90d9fd5c1920ec807c2e7eedb34713a33516c42159a	ffprobe + SHA-256 of BMD stimulus_set file 1063.mp4	verified
1064	test	BOLD Moments Dataset video 1064	BMD stimulus set, video 1064	https://boldmomentsdataset.csail.mit.edu/stimuli_metadata	third-party; not included	3	30	268	268	90	no	bd0867d73605d3359509fdf1174d76577e3bf31b054c09f0fa51358777fbfba6	ffprobe + SHA-256 of BMD stimulus_set file 1064.mp4	verified
1065	test	BOLD Moments Dataset video 1065	BMD stimulus set, video 1065	https://boldmomentsdataset.csail.mit.edu/stimuli_metadata	third-party; not included	3	30	268	268	90	no	b92b36431bf23b9a869c75811d52dd334617187e0ef63dae94091157816b7ff3	ffprobe + SHA-256 of BMD stimulus_set file 1065.mp4	verified
1066	test	BOLD Moments Dataset video 1066	BMD stimulus set, video 1066	https://boldmomentsdataset.csail.mit.edu/stimuli_metadata	third-party; not included	3.03	30	268	268	91	no	51a32750d3f478beefe09be2ba2ba9d73d8cb3f92efee2d7da9e57eb7cf88621	ffprobe + SHA-256 of BMD stimulus_set file 1066.mp4	verified
1067	test	BOLD Moments Dataset video 1067	BMD stimulus set, video 1067	https://boldmomentsdataset.csail.mit.edu/stimuli_metadata	third-party; not included	3	30	268	268	90	no	37b8e73950d51342677d8213a6f64e1dd109abcf35cb7beb0c6cc8a4a997202d	ffprobe + SHA-256 of BMD stimulus_set file 1067.mp4	verified
1068	test	BOLD Moments Dataset video 1068	BMD stimulus set, video 1068	https://boldmomentsdataset.csail.mit.edu/stimuli_metadata	third-party; not included	3.07	29	268	268	89	no	3d6c92c5e2a7f54f258a06f4255c56b856886ba0eb2fd93db16b2c51317fadec	ffprobe + SHA-256 of BMD stimulus_set file 1068.mp4	verified
1069	test	BOLD Moments Dataset video 1069	BMD stimulus set, video 1069	https://boldmomentsdataset.csail.mit.edu/stimuli_metadata	third-party; not included	3.03	30	268	268	91	no	05d0fb267402fd5202fd7d7e08bae61b83decc9f4bf4d940c9bbf3dcad499b4c	ffprobe + SHA-256 of BMD stimulus_set file 1069.mp4	verified
1070	test	BOLD Moments Dataset video 1070	BMD stimulus set, video 1070	https://boldmomentsdataset.csail.mit.edu/stimuli_metadata	third-party; not included	3	30	268	268	90	no	022e5145b3ed411304bca12a17107dd7f5681d15f18deaece9c29da91f1bf61c	ffprobe + SHA-256 of BMD stimulus_set file 1070.mp4	verified
1071	test	BOLD Moments Dataset video 1071	BMD stimulus set, video 1071	https://boldmomentsdataset.csail.mit.edu/stimuli_metadata	third-party; not included	3	24	268	268	72	no	dd8c21afdc4cec5d578dcd9addbae184f8e236d07b0a26a1a4e1c15ae6df5161	ffprobe + SHA-256 of BMD stimulus_set file 1071.mp4	verified
1072	test	BOLD Moments Dataset video 1072	BMD stimulus set, video 1072	https://boldmomentsdataset.csail.mit.edu/stimuli_metadata	third-party; not included	3	30	268	268	90	no	a9de5f178a31398afff17f2b5444feb29050790be87be4a3cec199031f1a05e5	ffprobe + SHA-256 of BMD stimulus_set file 1072.mp4	verified
1073	test	BOLD Moments Dataset video 1073	BMD stimulus set, video 1073	https://boldmomentsdataset.csail.mit.edu/stimuli_metadata	third-party; not included	3	30	268	268	90	no	756304896d7181e197f2767099f467e58ed8881575f3dbf50cc1d8e3901de246	ffprobe + SHA-256 of BMD stimulus_set file 1073.mp4	verified
1074	test	BOLD Moments Dataset video 1074	BMD stimulus set, video 1074	https://boldmomentsdataset.csail.mit.edu/stimuli_metadata	third-party; not included	3.03	30	268	268	91	no	ac3f9fb00a23c0e5c854fc6f128adb412b354071892d8ef4dbc7310890b25a36	ffprobe + SHA-256 of BMD stimulus_set file 1074.mp4	verified
1075	test	BOLD Moments Dataset video 1075	BMD stimulus set, video 1075	https://boldmomentsdataset.csail.mit.edu/stimuli_metadata	third-party; not included	3	30	268	268	90	no	71d98e00cf6045a62890edd9df650f4310652bf6381149839e89c9a55754fb7e	ffprobe + SHA-256 of BMD stimulus_set file 1075.mp4	verified
1076	test	BOLD Moments Dataset video 1076	BMD stimulus set, video 1076	https://boldmomentsdataset.csail.mit.edu/stimuli_metadata	third-party; not included	3.03	30	268	268	91	no	704eef611ab6b68b95a02983b339738936d12a543151b8b54fdba3094d8bdc0c	ffprobe + SHA-256 of BMD stimulus_set file 1076.mp4	verified
1077	test	BOLD Moments Dataset video 1077	BMD stimulus set, video 1077	https://boldmomentsdataset.csail.mit.edu/stimuli_metadata	third-party; not included	3	30	268	268	90	no	f80971d77ac7892223b50bd61e52dc2a2ba039591237c7412fe36bb5bd37241b	ffprobe + SHA-256 of BMD stimulus_set file 1077.mp4	verified
1078	test	BOLD Moments Dataset video 1078	BMD stimulus set, video 1078	https://boldmomentsdataset.csail.mit.edu/stimuli_metadata	third-party; not included	3	30	268	268	90	no	49c3ab676b5e4eaf55de8864cda397347f9d48afccceaaf1a6556074c06a2743	ffprobe + SHA-256 of BMD stimulus_set file 1078.mp4	verified
1079	test	BOLD Moments Dataset video 1079	BMD stimulus set, video 1079	https://boldmomentsdataset.csail.mit.edu/stimuli_metadata	third-party; not included	3	30	268	268	90	no	35f6455e89fec166a2e8c4774935bd8a019caf00144e626087ef42694655df2a	ffprobe + SHA-256 of BMD stimulus_set file 1079.mp4	verified
1080	test	BOLD Moments Dataset video 1080	BMD stimulus set, video 1080	https://boldmomentsdataset.csail.mit.edu/stimuli_metadata	third-party; not included	3.03	30	268	268	91	no	6e42dfb35b2bab49ef713393debf59f4002dbe8350177ac6545a032d87ec5acd	ffprobe + SHA-256 of BMD stimulus_set file 1080.mp4	verified
1081	test	BOLD Moments Dataset video 1081	BMD stimulus set, video 1081	https://boldmomentsdataset.csail.mit.edu/stimuli_metadata	third-party; not included	3	30	268	268	90	no	6847e876ed7dbf449f8767f9b96a7b47b2725aacdaea47dabcea25cd750e2422	ffprobe + SHA-256 of BMD stimulus_set file 1081.mp4	verified
1082	test	BOLD Moments Dataset video 1082	BMD stimulus set, video 1082	https://boldmomentsdataset.csail.mit.edu/stimuli_metadata	third-party; not included	3	30	268	268	90	no	3757cf0d0c94a6c0871261c94e72e3d0b0e5279dbbc981ddf088abdd4f9f8b83	ffprobe + SHA-256 of BMD stimulus_set file 1082.mp4	verified
1083	test	BOLD Moments Dataset video 1083	BMD stimulus set, video 1083	https://boldmomentsdataset.csail.mit.edu/stimuli_metadata	third-party; not included	3.04	25	268	268	76	no	f6a7461403b9a3a4073175667e7462fee133685286d4106615c911366ce04742	ffprobe + SHA-256 of BMD stimulus_set file 1083.mp4	verified
1084	test	BOLD Moments Dataset video 1084	BMD stimulus set, video 1084	https://boldmomentsdataset.csail.mit.edu/stimuli_metadata	third-party; not included	3	25	268	268	75	no	73c11a9977e3d9d20f7ca09514396e77fb6f8798c45f9260c2058711fa53927c	ffprobe + SHA-256 of BMD stimulus_set file 1084.mp4	verified
1085	test	BOLD Moments Dataset video 1085	BMD stimulus set, video 1085	https://boldmomentsdataset.csail.mit.edu/stimuli_metadata	third-party; not included	3	25	268	268	75	no	e3fafcc9bafc978ac9b0cd7001f705fac01fd512919171533dcde20aee12fa68	ffprobe + SHA-256 of BMD stimulus_set file 1085.mp4	verified
1086	test	BOLD Moments Dataset video 1086	BMD stimulus set, video 1086	https://boldmomentsdataset.csail.mit.edu/stimuli_metadata	third-party; not included	3	24	268	268	72	no	ee6d17cfc78339c8967e64a2f74bf53d6c25323d4c887e82fd72527942fdff38	ffprobe + SHA-256 of BMD stimulus_set file 1086.mp4	verified
1087	test	BOLD Moments Dataset video 1087	BMD stimulus set, video 1087	https://boldmomentsdataset.csail.mit.edu/stimuli_metadata	third-party; not included	3.04	24	268	268	73	no	474484b42c3c9406275af8f852874dc4dfc2578ff764900588a6210a1b0c52a0	ffprobe + SHA-256 of BMD stimulus_set file 1087.mp4	verified
1088	test	BOLD Moments Dataset video 1088	BMD stimulus set, video 1088	https://boldmomentsdataset.csail.mit.edu/stimuli_metadata	third-party; not included	3.03	30	268	268	91	no	e65d8203594e474bac533fb9ea2359f5b9484d154bf3fa2fd6763b8f39953bd7	ffprobe + SHA-256 of BMD stimulus_set file 1088.mp4	verified
1089	test	BOLD Moments Dataset video 1089	BMD stimulus set, video 1089	https://boldmomentsdataset.csail.mit.edu/stimuli_metadata	third-party; not included	3	30	268	268	90	no	6b575c8bcb22ae27271247454c88aed31807b3a5fdddcca9ef7702728fe1b900	ffprobe + SHA-256 of BMD stimulus_set file 1089.mp4	verified
1090	test	BOLD Moments Dataset video 1090	BMD stimulus set, video 1090	https://boldmomentsdataset.csail.mit.edu/stimuli_metadata	third-party; not included	3	30	268	268	90	no	e7ac7a136e2bd6b4dab6c5d3877809f91cd9e013773b1b3a5aa73cd858ea9de7	ffprobe + SHA-256 of BMD stimulus_set file 1090.mp4	verified
1091	test	BOLD Moments Dataset video 1091	BMD stimulus set, video 1091	https://boldmomentsdataset.csail.mit.edu/stimuli_metadata	third-party; not included	3	30	268	268	90	no	59d70730db5d1ebb62f62c018d6e3dbcc653126b2368ead6e4c1614a7f863b52	ffprobe + SHA-256 of BMD stimulus_set file 1091.mp4	verified
1092	test	BOLD Moments Dataset video 1092	BMD stimulus set, video 1092	https://boldmomentsdataset.csail.mit.edu/stimuli_metadata	third-party; not included	3.04	25	268	268	76	no	af05463b1cb9241d2cff2a82bbc8c2d0e72bf4c995089458c5966642dd09fd1a	ffprobe + SHA-256 of BMD stimulus_set file 1092.mp4	verified
1093	test	BOLD Moments Dataset video 1093	BMD stimulus set, video 1093	https://boldmomentsdataset.csail.mit.edu/stimuli_metadata	third-party; not included	3	30	268	268	90	no	b72cb623486fc92bd34b8f249543a5ce4ac018cebbc68a6856f5960f6195fb1a	ffprobe + SHA-256 of BMD stimulus_set file 1093.mp4	verified
1094	test	BOLD Moments Dataset video 1094	BMD stimulus set, video 1094	https://boldmomentsdataset.csail.mit.edu/stimuli_metadata	third-party; not included	3	30	268	268	90	no	7d7062153562cef2fef1188a355d9ea0b564c2f3021bcd5390ecc7f3e007cf93	ffprobe + SHA-256 of BMD stimulus_set file 1094.mp4	verified
1095	test	BOLD Moments Dataset video 1095	BMD stimulus set, video 1095	https://boldmomentsdataset.csail.mit.edu/stimuli_metadata	third-party; not included	3	30	268	268	90	no	4a713bba4abbbc8ae0379faa3bbbfe8b444da34cab2160bfc6d20be0316a4244	ffprobe + SHA-256 of BMD stimulus_set file 1095.mp4	verified
1096	test	BOLD Moments Dataset video 1096	BMD stimulus set, video 1096	https://boldmomentsdataset.csail.mit.edu/stimuli_metadata	third-party; not included	3	30	268	268	90	no	62d2f9d26a85af4d88b2c270f05e2d4207a8bd59fd75e86dc89f04b49e06af54	ffprobe + SHA-256 of BMD stimulus_set file 1096.mp4	verified
1097	test	BOLD Moments Dataset video 1097	BMD stimulus set, video 1097	https://boldmomentsdataset.csail.mit.edu/stimuli_metadata	third-party; not included	3	30	268	268	90	no	433c616b56698663a58bfd155280e42b15381555876dbfe6ce33567e49b99e13	ffprobe + SHA-256 of BMD stimulus_set file 1097.mp4	verified
1098	test	BOLD Moments Dataset video 1098	BMD stimulus set, video 1098	https://boldmomentsdataset.csail.mit.edu/stimuli_metadata	third-party; not included	3	30	268	268	90	no	177d42bef6212991c75243bdebb60d83977d89f53eebe3f305588342c3f73b45	ffprobe + SHA-256 of BMD stimulus_set file 1098.mp4	verified
1099	test	BOLD Moments Dataset video 1099	BMD stimulus set, video 1099	https://boldmomentsdataset.csail.mit.edu/stimuli_metadata	third-party; not included	3	20	268	268	60	no	2bee2fc6d93c1975ca804514046b2d08c1c59b877000f2d70d3dda715e7d074f	ffprobe + SHA-256 of BMD stimulus_set file 1099.mp4	verified
1100	test	BOLD Moments Dataset video 1100	BMD stimulus set, video 1100	https://boldmomentsdataset.csail.mit.edu/stimuli_metadata	third-party; not included	3	30	268	268	90	no	a107f023052ced0e35c4444c0dc35c5288f8f95090007dd64acb6e01bc48432b	ffprobe + SHA-256 of BMD stimulus_set file 1100.mp4	verified
1101	test	BOLD Moments Dataset video 1101	BMD stimulus set, video 1101	https://boldmomentsdataset.csail.mit.edu/stimuli_metadata	third-party; not included	3.03	30	268	268	91	no	ed07992ce9124b6706b6cdf417f0e3a327619d1b9f2d401ea93c5132ceb38bc0	ffprobe + SHA-256 of BMD stimulus_set file 1101.mp4	verified
1102	test	BOLD Moments Dataset video 1102	BMD stimulus set, video 1102	https://boldmomentsdataset.csail.mit.edu/stimuli_metadata	third-party; not included	3.03	30	268	268	91	no	28779138c07526de7846ac903810c118128909c403eff9ec905e5ccac0a9f824	ffprobe + SHA-256 of BMD stimulus_set file 1102.mp4	verified
